id,language,question
1,JavaScript,JavaScriptで変数を宣言するキーワードはどれですか？
2,Python,Pythonで整数型を表すデータ型はどれですか？
3,PHP,PHPで変数を宣言する正しい方法はどれですか？
4,JavaScript,JavaScriptで変数を宣言するキーワードで、再代入できないものはどれですか？
5,JavaScript,"次のコードの出力は？
console.log(2 + '2');"
6,JavaScript,配列から最後の要素を取り出すメソッドはどれですか？
7,JavaScript,文字列の長さを取得するプロパティはどれですか？
8,JavaScript,JavaScriptでコメントを書く正しい方法はどれですか？
9,JavaScript,真偽値を反転させる演算子はどれですか？
10,JavaScript,配列の要素数を取得する方法はどれですか？
11,JavaScript,文字列を数値に変換する関数はどれですか？
12,JavaScript,undefinedが返されるのはどんな時ですか？
13,JavaScript,オブジェクトのプロパティにアクセスする方法として正しいものはどれですか？
14,JavaScript,NaNの意味は何ですか？
15,JavaScript,"次のコードの出力は？
console.log(typeof []);"
16,JavaScript,文字列を配列に分割するメソッドはどれですか？
17,JavaScript,配列の要素をすべて文字列に結合するメソッドはどれですか？
18,JavaScript,条件演算子（三項演算子）の正しい構文はどれですか？
19,JavaScript,アロー関数の正しい構文はどれですか？
20,JavaScript,配列のすべての要素に処理を適用するメソッドはどれですか？
21,JavaScript,配列から条件に合う要素のみを抽出するメソッドはどれですか？
22,JavaScript,Promiseで非同期処理の成功を処理するメソッドはどれですか？
23,JavaScript,分割代入の正しい構文はどれですか？
24,JavaScript,クロージャを正しく説明しているのはどれですか？
25,JavaScript,async/awaitの説明として正しいのはどれですか？
26,JavaScript,イベントループの役割として正しいのはどれですか？
27,Python,Pythonでリストを作成する正しい構文はどれですか？
28,Python,Pythonで辞書を作成する正しい構文はどれですか？
29,Python,Pythonでタプルを作成する正しい構文はどれですか？
30,Python,Pythonでコメントを書く正しい方法はどれですか？
31,Python,range(5)の出力はどれですか？
32,Python,リストの末尾に要素を追加するメソッドはどれですか？
33,Python,文字列を繰り返す演算子はどれですか？
34,Python,リストの要素を並び替えるメソッドはどれですか？
35,Python,辞書からキーの一覧を取得するメソッドはどれですか？
36,Python,リスト内包表記の正しい構文はどれですか？
37,PHP,PHPで配列を作成する正しい構文はどれですか？
38,PHP,PHPで文字列を連結する演算子はどれですか？
39,JavaScript,"次のコードの出力は？
console.log(0 == false);"
40,JavaScript,配列の先頭に要素を追加するメソッドはどれですか？
41,JavaScript,オブジェクトのプロパティを削除する演算子はどれですか？
42,JavaScript,配列から特定の要素のインデックスを取得するメソッドはどれですか？
43,JavaScript,配列の一部を抽出するメソッドはどれですか？
44,JavaScript,テンプレートリテラルの正しい構文はどれですか？
45,JavaScript,スプレッド構文の正しい使い方はどれですか？
46,JavaScript,デフォルト引数の正しい構文はどれですか？
47,JavaScript,配列の累積計算を行うメソッドはどれですか？
48,JavaScript,try-catchでエラーを投げる構文はどれですか？
49,Python,Pythonでセットを作成する構文はどれですか？
50,Python,Pythonで例外を捕捉する構文はどれですか？
51,Python,リストの要素を逆順にするメソッドはどれですか？
52,Python,文字列を大文字に変換するメソッドはどれですか？
53,Python,辞書に新しいキーを追加する方法はどれですか？
54,Python,lambda関数の正しい構文はどれですか？
55,Python,文字列のフォーマット方法として正しいのはどれですか？
56,Python,リストの要素数を数えるメソッドはどれですか？
57,Python,辞書のキーと値のペアを取得するメソッドはどれですか？
58,Python,リストをソートした新しいリストを返す関数はどれですか？
59,Python,ファイルを開く正しい方法はどれですか？
60,Python,ジェネレータを作成するキーワードはどれですか？
61,Python,デコレータの正しい構文はどれですか？
62,HTML,HTMLで段落を作成するタグはどれですか？
63,HTML,HTMLでリンクを作成するタグはどれですか？
64,HTML,HTMLで画像を表示するタグはどれですか？
65,HTML,HTMLで順序なしリストを作成するタグはどれですか？
66,HTML,HTMLで順序付きリストを作成するタグはどれですか？
67,HTML,HTMLでテーブルを作成する基本タグはどれですか？
68,HTML,HTMLでフォームを作成するタグはどれですか？
69,HTML,HTMLで改行するタグはどれですか？
70,HTML,HTML5のセマンティック要素はどれですか？
71,HTML,HTMLでメタ情報を記述するタグはどれですか？
72,CSS,CSSでフォントサイズを指定するプロパティはどれですか？
73,CSS,CSSで要素を中央揃えにするプロパティはどれですか？
74,CSS,CSSでマージンを指定するプロパティはどれですか？
75,CSS,CSSでパディングを指定するプロパティはどれですか？
76,CSS,CSSでボーダーを指定する省略記法はどれですか？
77,CSS,CSSでフレックスボックスを使うプロパティはどれですか？
78,CSS,CSSでグリッドレイアウトを使うプロパティはどれですか？
79,CSS,CSSで要素を非表示にするプロパティはどれですか？
80,CSS,CSSで要素を重ねる順序を指定するプロパティはどれですか？
81,CSS,CSSアニメーションを定義するルールはどれですか？
82,TypeScript,TypeScriptで数値型を指定する型注釈はどれですか？
83,TypeScript,TypeScriptで配列の型を指定する方法はどれですか？
84,TypeScript,TypeScriptでオプショナルなプロパティを示す記号はどれですか？
85,TypeScript,TypeScriptでインターフェースを定義するキーワードはどれですか？
86,TypeScript,TypeScriptでユニオン型を表す記号はどれですか？
87,PHP,PHPでechoとprintの違いとして正しいのはどれですか？
88,PHP,PHPで配列に要素を追加する方法として正しいのはどれですか？
89,PHP,PHPで連想配列を作成する正しい構文はどれですか？
90,PHP,PHPでクラスを定義する正しい構文はどれですか？
91,PHP,PHPでコンストラクタを定義するメソッド名はどれですか？
92,PHP,PHPで文字列の長さを取得する関数はどれですか？
93,PHP,PHPで配列の要素数を取得する関数はどれですか？
94,PHP,PHPでincludeとrequireの違いは何ですか？
95,PHP,PHPでセッションを開始する関数はどれですか？
96,PHP,PHPでデータベースに接続する推奨方法はどれですか？
97,Ruby,Rubyでメソッドを定義する正しい構文はどれですか？
98,Ruby,Rubyでシンボルを表す記号はどれですか？
99,Ruby,Rubyで配列の各要素に処理を適用するメソッドはどれですか？
100,Ruby,Rubyでハッシュを作成する構文はどれですか？
101,Ruby,Rubyでクラスを定義する構文はどれですか？
102,Ruby,Rubyでアクセサを自動生成するメソッドはどれですか？
103,Ruby,Rubyで文字列補間の正しい構文はどれですか？
104,Ruby,Rubyで範囲を表す演算子はどれですか？
105,Ruby,Rubyでブロックを受け取るメソッドの定義で使うキーワードはどれですか？
106,Ruby,Rubyでモジュールを定義する構文はどれですか？
107,Go,Goで変数を宣言する短縮記法はどれですか？
108,Go,Goで配列を宣言する構文はどれですか？
109,Go,Goでスライスと配列の違いとして正しいのはどれですか？
110,Go,Goで関数が複数の値を返す正しい構文はどれですか？
111,Go,Goでポインタを取得する演算子はどれですか？
112,Go,Goでgoroutineを起動するキーワードはどれですか？
113,Go,Goでチャネルを作成する関数はどれですか？
114,Go,Goで構造体を定義する構文はどれですか？
115,Go,Goでインターフェースを定義する構文はどれですか？
116,Go,Goでdeferの役割として正しいのはどれですか？
117,Java,Javaでクラスを定義する正しい構文はどれですか？
118,Java,Javaでmainメソッドの正しいシグネチャはどれですか？
119,Java,Javaで変数を宣言する正しい構文はどれですか？
120,Java,Javaで継承を表すキーワードはどれですか？
121,Java,Javaでインターフェースを実装するキーワードはどれですか？
122,Java,Javaでオーバーライドを示すアノテーションはどれですか？
123,Java,Javaでジェネリクスを使う構文はどれですか？
124,Java,Javaでラムダ式の正しい構文はどれですか？
125,Java,Javaでストリーム処理を開始するメソッドはどれですか？
126,Java,Javaで例外を投げる構文はどれですか？
127,C#,C#でnamespaceを定義する構文はどれですか？
128,C#,C#でプロパティを定義する構文はどれですか？
129,C#,UnityでMonoBehaviourを継承する理由は何ですか？
130,C#,Unityで毎フレーム呼ばれるメソッドはどれですか？
131,C#,Unityで初期化時に一度だけ呼ばれるメソッドはどれですか？
132,C#,UnityでGameObjectを取得するメソッドはどれですか？
133,C#,Unityでコンポーネントを取得するメソッドはどれですか？
134,C#,UnityでオブジェクトをInstantiateする正しい使い方はどれですか？
135,C#,UnityでCoroutineを開始するメソッドはどれですか？
136,C#,C#でnull条件演算子の構文はどれですか？
137,React,Reactでコンポーネントを定義する方法として正しいのはどれですか？
138,React,ReactでJSXを使う理由は何ですか？
139,React,Reactで状態管理を行うフックはどれですか？
140,React,Reactで副作用を扱うフックはどれですか？
141,React,ReactでPropsを受け取る正しい方法はどれですか？
142,React,ReactでイベントハンドラをBindする必要があるのはどの場合ですか？
143,React,Reactでリストをレンダリングする際に必須の属性はどれですか？
144,React,ReactでContextを作成する関数はどれですか？
145,React,Reactでメモ化されたコンポーネントを作る関数はどれですか？
146,React,ReactでRefを作成するフックはどれですか？
147,React,Reactでカスタムフックの命名規則として正しいのはどれですか？
148,React,ReactでuseEffectのクリーンアップ関数はいつ実行されますか？
149,React,Reactでパフォーマンスを測定するツールはどれですか？
150,React,Reactでエラーバウンダリはどのメソッドで実装しますか？
151,React,ReactでSuspenseの用途として正しいのはどれですか？
152,COBOL,COBOLプログラムの4つのDIVISIONの順序として正しいのはどれですか？
153,COBOL,COBOLで変数の最大桁数を指定する記号はどれですか？
154,COBOL,COBOLで処理手続きを記述するDIVISIONはどれですか？
155,COBOL,COBOLで条件分岐を行う構文はどれですか？
156,COBOL,COBOLで繰り返し処理を行う構文はどれですか？
157,COBOL,COBOLでファイルを開く動詞はどれですか？
158,COBOL,COBOLでファイルからレコードを読むコマンドはどれですか？
159,COBOL,COBOLで数値計算を行う動詞はどれですか？
160,COBOL,COBOLでプログラムを終了する動詞はどれですか？
161,COBOL,COBOLで画面に出力する動詞はどれですか？
162,VBA,VBAで定数を宣言するキーワードはどれですか？
163,VBA,VBAで関数を定義するキーワードはどれですか？
164,VBA,VBAでセル範囲を指定する方法として正しいのはどれですか？
165,VBA,VBAでセルの値を取得するプロパティはどれですか？
166,VBA,VBAで条件分岐を行う構文はどれですか？
167,VBA,VBAで繰り返し処理を行う構文として正しいのはどれですか？
168,VBA,VBAでコレクション内の各要素を処理する構文はどれですか？
169,VBA,VBAでメッセージボックスを表示する関数はどれですか？
170,VBA,VBAでエラーを無視する構文はどれですか？
171,VBA,VBAで配列を宣言する構文はどれですか？
172,C#,C#でLINQを使って配列をフィルタリングする方法はどれですか？
173,C#,UnityでRigidbodyに力を加えるメソッドはどれですか？
174,Go,Goでエラーを返す慣習的なパターンはどれですか？
175,TypeScript,TypeScriptでインターセクション型を表す記号はどれですか？
176,TypeScript,TypeScriptでtype aliasを定義するキーワードはどれですか？
177,TypeScript,TypeScriptでジェネリクスの構文はどれですか？
178,React,ReactでuseCallbackの役割は何ですか？
179,React,ReactでuseMemoの役割は何ですか？
180,React,ReactでuseReducerの役割は何ですか？
181,React,ReactでフラグメントをJSXで書く短縮記法はどれですか？
182,React,ReactでStrictModeの役割は何ですか？
183,React,ReactでPortalの用途として正しいのはどれですか？
184,React,ReactでuseLayoutEffectとuseEffectの違いは何ですか？
185,React,Reactで制御コンポーネントの説明として正しいのはどれですか？
186,React,ReactでuseImperativeHandleの用途は何ですか？
187,React,ReactでHydrationとは何ですか？
188,React,Reactでコンポーネントの表示名を設定するプロパティはどれですか？
189,React,ReactでdefaultPropsの役割は何ですか？
190,React,ReactでpropTypesの役割は何ですか？
191,React,ReactでDangerouslySetInnerHTMLを使う理由は何ですか？
192,React,ReactでConcurrent Modeの特徴は何ですか？
193,HTML,HTMLでボタンを作成するタグはどれですか？
194,HTML,HTMLでテキスト入力欄を作成するタグはどれですか？
195,HTML,HTML5のセマンティック要素でナビゲーションを示すタグはどれですか？
196,HTML,HTMLでコンテンツの主要部分を示すタグはどれですか？
197,HTML,HTMLでフッター領域を示すタグはどれですか？
198,HTML,HTMLで記事を示すセマンティックタグはどれですか？
199,HTML,HTMLでセクションを示すタグはどれですか？
200,HTML,HTMLで動画を埋め込むタグはどれですか？
201,HTML,HTMLで音声を埋め込むタグはどれですか？
202,HTML,HTMLでキャンバス描画を行うタグはどれですか？
203,CSS,CSSでFlexboxの子要素を中央揃えにするプロパティはどれですか？
204,CSS,CSSでGridレイアウトの列を定義するプロパティはどれですか？
205,CSS,CSSで要素を画面中央に配置するFlexboxの設定はどれですか？
206,CSS,CSSで疑似クラスの構文として正しいのはどれですか？
207,CSS,CSSで疑似要素の構文として正しいのはどれですか？
208,CSS,CSSで変数を定義する構文はどれですか？
209,CSS,CSSでメディアクエリの構文はどれですか？
210,CSS,CSSでtransitionの短縮記法として正しいのはどれですか？
211,CSS,CSSでtransformで回転させる関数はどれですか？
212,CSS,CSSで要素を非表示にする方法でスペースも削除するのはどれですか？
213,TypeScript,TypeScriptでenumを定義する構文はどれですか？
214,TypeScript,TypeScriptでreadonly修飾子の役割は何ですか？
215,TypeScript,TypeScriptでnever型の用途として正しいのはどれですか？
216,Java,Javaでfinalキーワードの役割として正しくないのはどれですか？
217,Java,Javaでstaticキーワードの説明として正しいのはどれですか？
218,Java,Javaでabstractクラスの説明として正しいのはどれですか？
219,Java,Javaでインターフェースのデフォルトメソッドを定義するキーワードはどれですか？
220,Java,Javaでコレクションのサイズを取得するメソッドはどれですか？
221,Ruby,Rubyで真偽値の反転を行う演算子はどれですか？
222,Ruby,Rubyでメソッド名の最後に?を付ける慣習は何を意味しますか？
223,Ruby,Rubyでメソッド名の最後に!を付ける慣習は何を意味しますか？
224,Ruby,Rubyでクラスの継承を表す記号はどれですか？
225,Ruby,Rubyでモジュールをクラスに取り込む方法はどれですか？
226,COBOL,COBOLで文字列型を定義する記号はどれですか？
227,COBOL,COBOLでファイルを閉じるコマンドはどれですか？
228,COBOL,COBOLで加算を行う動詞はどれですか？
229,COBOL,COBOLで減算を行う動詞はどれですか？
230,COBOL,COBOLで乗算を行う動詞はどれですか？
231,IQ,"次の数列で?に入る数字はどれですか？
2, 4, 8, 16, 32, ?"
232,IQ,"次の数列で?に入る数字はどれですか？
1, 1, 2, 3, 5, 8, ?"
233,IQ,"次の数列で?に入る数字はどれですか？
3, 6, 12, 24, 48, ?"
234,IQ,"次の数列で?に入る数字はどれですか？
2, 5, 10, 17, 26, ?"
235,IQ,"次の数列で?に入る数字はどれですか？
1, 4, 9, 16, 25, ?"
236,IQ,"次の数列で?に入る数字はどれですか？
100, 50, 25, 12.5, ?"
237,IQ,"次の数列で?に入る数字はどれですか？
2, 3, 5, 7, 11, ?"
238,IQ,"次の数列で?に入る数字はどれですか？
1, 8, 27, 64, 125, ?"
239,IQ,"次の数列で?に入る数字はどれですか？
10, 20, 15, 30, 25, ?"
240,IQ,"次の数列で?に入る数字はどれですか？
5, 10, 20, 40, 80, ?"
241,IQ,"次の数列で?に入る数字はどれですか？
3, 7, 15, 31, 63, ?"
242,IQ,"次の数列で?に入る数字はどれですか？
1, 3, 7, 13, 21, ?"
243,IQ,"次の数列で?に入る数字はどれですか？
0, 1, 1, 2, 4, 7, ?"
244,IQ,"次の数列で?に入る数字はどれですか？
256, 128, 64, 32, ?"
245,IQ,"次の数列で?に入る数字はどれですか？
1, 2, 4, 7, 11, 16, ?"
246,IQ,AはBより背が高く、BはCより背が高い。最も背が高いのは誰ですか？
247,IQ,すべての犬は動物である。ポチは犬である。したがってポチは？
248,IQ,赤い箱か青い箱のどちらかに宝物が入っている。赤い箱には入っていない。宝物はどこ？
249,IQ,"5人が一列に並んでいる。太郎は花子の前にいる。次郎は太郎の前にいる。最前列は誰か？
（他の情報がない場合）"
250,IQ,Aが真実を言うとき、Bは嘘をつく。今Aが「雨が降っている」と言った。Bは何と言う？
251,IQ,"3つの箱A,B,Cがある。1つだけ当たり。「Aは外れ」「Bは当たり」2つの情報のうち1つだけ真実。当たりはどれ？"
252,IQ,ある会議に10人が参加。全員が他の全員と1回ずつ握手した。握手の総数は？
253,IQ,時計が1時間に1回鳴る。12時に12回鳴る。1時に1回鳴る。24時間で合計何回鳴る？
254,IQ,5本の異なる色のペンがある。赤の左に青がある。青の左に緑がある。最も左は？
255,IQ,AまたはBが真。Aは偽。したがって？
256,IQ,3人がじゃんけんをした。必ず誰か1人が勝つ確率は？
257,IQ,すべての鳥は飛べる。ペンギンは鳥である。したがってペンギンは飛べる。この推論は？
258,IQ,AはBの2倍の年齢。10年後、AはBの1.5倍。現在Bは何歳？
259,IQ,4人が円卓に座る。太郎の対面に花子、花子の右に次郎。太郎の左は誰？
260,IQ,100mを10秒で走る人が1kmを走ると最速何秒？
261,IQ,「犬：哺乳類」の関係と同じものはどれですか？
262,IQ,「医者：病院」の関係と同じものはどれですか？
263,IQ,"次のうち仲間外れはどれですか？
リンゴ、バナナ、ニンジン、ミカン"
264,IQ,「大きい」の反対語はどれですか？
265,IQ,「海：水」の関係と同じものはどれですか？
266,IQ,次のうち「楽器」でないものはどれですか？
267,IQ,「原因：結果」の関係と同じものはどれですか？
268,IQ,「本：ページ」の関係と同じものはどれですか？
269,IQ,"次の単語の共通点は何ですか？
犬、猫、象、ライオン"
270,IQ,「親：子」の関係と同じものはどれですか？
271,IQ,"次のパターンで?に入る図形の特徴は？
○○○ △△△ □□□ ?"
272,IQ,1個、2個、3個、4個...と増えていくパターン。次は何個？
273,IQ,○→●→○→●のパターン。次は？
274,IQ,△、▽、△、▽のパターン。これは何の繰り返し？
275,IQ,1つ、2つ、4つ、8つと増えるパターン。次は？
276,IQ,○、○○、○○○のパターン。5番目は何個？
277,IQ,時計回りに90度ずつ回転するパターン。4回回転後は？
278,IQ,正方形が1段、2段、3段と積み上がる。4段目は全部で何個？
279,IQ,○●○●○のパターン。6番目は？
280,IQ,△が時計回りに45度ずつ回転。8回回転後は？
281,IQ,"次の数列で?に入る数字はどれですか？
2, 6, 12, 20, 30, ?"
282,IQ,"次の数列で?に入る数字はどれですか？
1, 4, 10, 22, 46, ?"
283,IQ,"次の数列で?に入る数字はどれですか？
3, 4, 7, 11, 18, ?"
284,IQ,"次の数列で?に入る数字はどれですか？
5, 11, 23, 47, 95, ?"
285,IQ,"次の数列で?に入る数字はどれですか？
144, 121, 100, 81, 64, ?"
286,IQ,"次の数列で?に入る数字はどれですか？
2, 5, 11, 23, 47, ?"
287,IQ,"次の数列で?に入る数字はどれですか？
1, 2, 6, 24, 120, ?"
288,IQ,"次の数列で?に入る数字はどれですか？
0, 3, 8, 15, 24, ?"
289,IQ,"次の数列で?に入る数字はどれですか？
7, 14, 28, 56, 112, ?"
290,IQ,"次の数列で?に入る数字はどれですか？
1, 5, 14, 30, 55, ?"
291,IQ,"次の数列で?に入る数字はどれですか？
81, 27, 9, 3, ?"
292,IQ,"次の数列で?に入る数字はどれですか？
2, 8, 18, 32, 50, ?"
293,IQ,"次の数列で?に入る数字はどれですか？
1, 3, 4, 7, 11, 18, ?"
294,IQ,"次の数列で?に入る数字はどれですか？
6, 12, 24, 48, 96, ?"
295,IQ,"次の数列で?に入る数字はどれですか？
1, 8, 27, 64, 125, 216, ?"
296,IQ,"3人の囚人A,B,Cがいる。看守が「少なくとも1人は処刑される」と言った。Aは「Bが処刑される」と知らされた。Aの処刑確率は？"
297,IQ,5人が競争した。太郎は花子より速い。次郎は太郎より速い。三郎は全員より遅い。四郎は次郎より遅い。2位は誰？
298,IQ,AかBかCのうち1人だけ真実を言う。A「Bは嘘つき」B「Cは嘘つき」C「Aは正直者」。真実を言っているのは？
299,IQ,100人の村で、全員が帽子を被っている。赤50人、青50人。自分の色は見えない。全員が同時に予想。何人正解する？
300,IQ,3つのドアの1つに賞品。選んだ後、ホストが外れを1つ開ける。変更すべきか？
301,IQ,2人が数字を額に貼られる。2人の和か差が25と知らされる。A「20」B「?」。Bは自分の数字がわかる？
302,IQ,赤い帽子3個、青い帽子2個。3人に見えないよう被せる。各人は他の2人の帽子を見て自分の色を推理。全員が推理できない場合、何色？
303,IQ,100階建てのビルから卵を落とす。何階から割れるか調べる。卵2個。最小の試行回数で調べる最適戦略は？
304,IQ,島に赤目と青目の人がいる。赤目は青目の数を知っている。ある日、外来者が「少なくとも1人は赤目」と言った。何が起こる？
305,IQ,10人が円形に座る。隣同士は握手しない。最大何組が握手できる？
306,IQ,"A,B,C,Dが一列に並ぶ。AとBは隣り合わない。何通り？"
307,IQ,正直者と嘘つきの村。ある人に「あなたは正直者？」と聞くと「はい」。何者？
308,IQ,3人で100個の石を取り合うゲーム。順番に1-3個取る。最後を取った人が負け。先手必勝？
309,IQ,5個のコインがある。1個だけ偽物（軽い）。天秤2回で見つけられる？
310,IQ,8人が円卓に座る。男女交互に座る。男4人女4人。何通り？
311,IQ,「成功：失敗」の関係と最も近いものはどれですか？
312,IQ,「鳥：羽」「魚：？」。?に入るものは？
313,IQ,次の単語の関係：「高い：低い」「速い：？」
314,IQ,「医師：診察」「教師：？」
315,IQ,「東京：日本」「パリ：？」
316,IQ,"次のうち他と性質が異なるものは？
正方形、長方形、円、三角形"
317,IQ,「始まり：終わり」「誕生：？」
318,IQ,「種：植物」「卵：？」
319,IQ,「熱い：冷たい」「濡れている：？」
320,IQ,「分子：原子」「文：？」
321,IQ,パターン：1個、3個、5個、7個...次は？
322,IQ,○●○●●○●●●...のパターン。10番目は？
323,IQ,正六角形を1個、2個、3個...と並べる。5番目の辺の総数は？
324,IQ,△が1つ、次に△4つ（逆さま含む）、次は？
325,IQ,時計の長針が1時間で回る角度は？
326,IQ,立方体の展開図。向かい合う面の数の和が7。1の向かいは？
327,IQ,円を5等分する線を引く。何本必要？
328,IQ,正方形を対角線で切ると何個の三角形？
329,IQ,○○●●○○●●...のパターン。16番目は？
330,IQ,1辺が1cmの正方形を1個、4個、9個...と並べる。5番目の周囲の長さは？
331,IQ,立方体を真上から見たとき、見える面は何個ですか？
332,IQ,立方体の頂点の数はいくつですか？
333,IQ,立方体を斜めの平面で切断したとき、断面の形で不可能なものは？
334,IQ,正方形を1回折って切り、開くと十字になった。どう折った？
335,IQ,立方体の辺の数はいくつですか？
336,IQ,紙を半分に折り、さらに半分に折った。全部で何重？
337,IQ,時計の長針と短針が1日に重なる回数は？（0時を含む）
338,IQ,正三角形を3つの合同な図形に分割する最も単純な方法は？
339,IQ,立方体のサイコロで、1の反対面が6のとき、2の反対面は？（隣接面の和が7）
340,IQ,正方形の紙を対角線で2回折ると何個の層ができる？
341,IQ,"6面体のサイコロで、1,2,3が見える角度から見たとき、見えない面の目の合計は？"
342,IQ,円を中心を通る直線で4等分するには何本の線が必要？
343,IQ,立方体を頂点を通る平面で切断したとき、最大で何角形の断面ができる？
344,IQ,正方形を1回折ってハサミで1回切り、開いたら2つの穴ができた。どう切った？
345,IQ,球を真横から見た形は？
346,IQ,"アルファベットのパターン：A, C, E, G, ?。次は？"
347,IQ,曜日のパターン：月、水、金、?。次は？
348,IQ,色の順序：赤、橙、黄、?。次は？
349,IQ,季節のパターン：春、夏、秋、?、春。?は？
350,IQ,月の大小：1月(31)、2月(28)、3月(31)、4月(?)。4月は？
351,IQ,五十音のパターン：あ、か、さ、?。次は？
352,IQ,音階：ド、レ、ミ、ファ、?。次は？
353,IQ,方角：北、東、南、?。次は？
354,IQ,"トランプの順：A, 2, 3, ..., J, Q, ?。次は？"
355,IQ,"ローマ数字：I, II, III, IV, ?。次は？"
356,IQ,"次の数列で?に入る数字：11, 13, 17, 19, 23, ?"
357,IQ,"次の数列で?に入る数字：1, 11, 21, 1211, 111221, ?"
358,IQ,"次の数列で?に入る数字：1, 10, 100, 1000, ?"
359,IQ,"次の数列で?に入る数字：2, 12, 36, 80, 150, ?"
360,IQ,"次の数列で?に入る数字：1, 1, 2, 6, 24, ?"
361,IQ,"次の数列で?に入る数字：1, 4, 27, 256, ?"
362,IQ,"次の数列で?に入る数字：0, 1, 4, 9, 16, 25, ?"
363,IQ,"次の数列で?に入る数字：2, 4, 16, 256, ?"
364,IQ,"次の数列で?に入る数字：1, 3, 6, 10, 15, ?"
365,IQ,"次の数列で?に入る数字：1, 2, 2, 4, 8, 32, ?"
366,IQ,"次の数列で?に入る数字：0, 1, 3, 6, 10, 15, 21, ?"
367,IQ,"次の数列で?に入る数字：1, -1, 2, -2, 3, -3, ?"
368,IQ,"次の数列で?に入る数字：1, 3, 7, 15, 31, 63, ?"
369,IQ,"次の数列で?に入る数字：1, 2, 4, 8, 16, 32, ?"
370,IQ,"次の数列で?に入る数字：100, 121, 144, 169, 196, ?"
371,IQ,100人が赤か青の帽子を被る。全員同時に予想し、1人でも正解すれば全員解放。戦略は？
372,IQ,3人の賢者に白黒帽子。各自は他の2人の帽子を見て自分の色を推理。全員が推理できなければ全員賢者。帽子が白3黒2で全員白なら？
373,IQ,無限ホテルに無限人の客。各部屋に1人ずつ。無限人の新客が来た。全員泊められる？
374,IQ,1000本のワインのうち1本だけ毒入り。飲んで24時間後に死ぬ。10匹のネズミで24時間以内に特定できる？
375,IQ,2つの砂時計（7分、11分）で15分を計る方法は？
376,IQ,12個の球、1個だけ重さが異なる（重いか軽いか不明）。天秤3回で特定できる？
377,IQ,100人の囚人と100個の箱。各箱に1人の名前。各囚人は50個まで開けられる。全員が自分の名前を見つければ全員解放。確率30%以上の戦略は？
378,IQ,赤青緑の帽子が各1つ以上。3人に被せる。各自は他の2人の帽子を見る。全員同時に「分からない」と言う。その後、1人が「分かった」と言う。可能？
379,IQ,島に100人の論理学者。赤目と青目がいる。自分の目の色は知らない。赤目が見えたら翌日出航。全員赤目なら何日後に全員出航？
380,IQ,2人のプレイヤーが整数を選ぶ。大きい方が勝ち。各自は相手より1大きい数を選ぶのが最適。均衡解は？
381,IQ,ある数の3倍に5を足すと26。ある数は？
382,IQ,50円、100円、500円玉で合計1000円。硬貨は10枚。50円玉は何枚？（100円玉と500円玉は同数）
383,IQ,1から100までの整数の和は？
384,IQ,正方形の一辺を2倍にすると面積は何倍？
385,IQ,時速60kmで走る車が150km進むのに何時間？
386,IQ,3人で食事して合計3600円。2人は1200円ずつ払った。残りの人は？
387,IQ,長さ100mのロープを毎日10mずつ切る。何日で全部切れる？
388,IQ,1辺10cmの立方体の体積は？
389,IQ,20%引きで800円の商品の元値は？
390,IQ,円周率を3.14として、半径10cmの円の面積は？
391,IQ,5%の食塩水200gに含まれる食塩は何g？
392,IQ,72を素因数分解すると？
393,IQ,1時間に5%ずつ増える細菌。2時間後の量は最初の何倍？
394,IQ,三角形の内角の和は？
395,IQ,10進数の100は2進数で？
396,IQ,「山」の反対語として最も適切なものは？
397,IQ,アナグラム：LISTEN → ?（英単語）
398,IQ,"次の暗号を解読：A=1, B=2, C=3...として、「CAT」の合計値は？"
399,IQ,回文：「上から読んでも下から読んでも同じ」でないものは？
400,IQ,「木」を3つ組み合わせてできる漢字は？
401,IQ,シーザー暗号で3文字ずらすと「D」になる文字は？
402,IQ,反対から読むと別の意味：「竹」→「？」
403,IQ,同音異義語：「かがく」でないものは？
404,IQ,「犬」「猫」「鳥」の共通部首は？
405,IQ,英語のことわざ：Time is ?
406,IQ,次の並べ替えで意味のある単語：ODGO
407,IQ,「海」と「山」の共通の訓読みは？
408,IQ,しりとり：「りんご」→「ごりら」→「らっぱ」→？
409,IQ,カタカナ語の由来：「アルバイト」の語源は？
410,IQ,漢字の成り立ち：「明」は何と何の組み合わせ？
411,IQ,正三角形の内角の大きさは？
412,IQ,円の直径が2倍になると面積は何倍？
413,IQ,正方形の対角線の長さは一辺の何倍？
414,IQ,正六角形の内角の和は？
415,IQ,半径5cmの円の円周の長さは？（π=3.14）
416,IQ,立方体の面の数は？
417,IQ,二等辺三角形の底角が70度のとき、頂角は？
418,IQ,正方形を対角線で切った図形は？
419,IQ,円錐の底面が円で頂点が1つ。辺の数は？
420,IQ,平行四辺形の対角線は互いに何する？
421,IQ,コインを2回投げる。表が2回出る確率は？
422,IQ,6面サイコロで偶数が出る確率は？
423,IQ,赤玉3個、白玉2個の袋から1個取る。赤の確率は？
424,IQ,52枚のトランプからハートを引く確率は？
425,IQ,2つのサイコロの目の和が7になる確率は？
426,IQ,AとBが独立に試験を受ける。A合格80%、B合格70%。両方合格する確率は？
427,IQ,平均が50点、標準偏差が10点のテストで60点は平均より何SD上？
428,IQ,5人から2人を選ぶ組み合わせは何通り？
429,IQ,袋に赤玉4個、青玉6個。2個同時に取って両方赤の確率は？
430,IQ,3回コインを投げて少なくとも1回表が出る確率は？
431,IQ,"A=1, B=2, C=3...の法則で「CAT」は？"
432,IQ,シーザー暗号で「ABC」を3文字ずらすと？
433,IQ,"1=A, 2=B...で「8-5-12-12-15」は？"
434,IQ,逆読みで「EMIT」は何を意味する？
435,IQ,母音抜き暗号「SMRT」の元の単語は？
436,IQ,"A→Z, B→Y...の法則で「CAT」は？"
437,IQ,"2倍暗号で「DOG」の数値合計は？(A=2,B=4...)"
438,IQ,「12-15-22-5」は何の単語？
439,IQ,ピッグ・ラテンで「pig」は？
440,IQ,ROT13で「HELLO」は？
441,IQ,二進数「1010」は十進数で？
442,IQ,モールス信号「•−•」は？
443,IQ,"単語暗号：SUN=318, MON=？"
444,IQ,カエサル暗号（-2）で「CAT」は？
445,IQ,数字語：「520」は中国語で何を意味する？
446,IQ,3人がそれぞれ嘘つきか正直者。A「私は嘘つき」B「Aは正直者」C「Bは嘘つき」。誰が嘘つき？
447,IQ,赤・青・緑の帽子。A「私は赤じゃない」B「私は青」C「私は緑じゃない」。1人だけ嘘つき。Cの帽子の色は？
448,IQ,5人でリレー。AはCより速く、BはDより遅く、CはEより速い。EはDより速い。最も速いのは？
449,IQ,4枚のカード「A・B・2・3」。「母音の裏は偶数」を確認するには？
450,IQ,3つのスイッチ、1つが電球。1回だけ部屋に入れる。どう確認？
451,IQ,3つの箱：金だけ、銀だけ、金銀混合。全てラベルが間違い。1枚だけコインを見て全て当てるには？
452,IQ,12個の玉、1個だけ重さが違う。天秤3回で特定するには？
453,IQ,100人の村。A「私以外全員嘘つき」。何人が正直者？
454,IQ,赤青黄の3つの扉。赤の扉「宝は青の扉」青の扉「宝はここ」黄の扉「宝は赤の扉にない」。1つだけ正直。宝は？
455,IQ,"犯人はA,B,Cの誰か。A「Bが犯人」B「Cが犯人」C「私は無実」。犯人1人で他2人は正直。犯人は？"
456,IQ,5人が円卓。AはBの隣でない、CはDの隣、EはAの隣。BとDの関係は？
457,IQ,"A,B,Cが試合。勝者は次の人と対戦。AがBに勝ち、次にCに負けた。2試合目は？"
458,IQ,4人のうち2人が双子。A「私はBの兄弟じゃない」B「私はCの兄弟」C「私はDの兄弟じゃない」D「私はAの兄弟」。双子は？
459,IQ,5枚のカードの合計は50。平均は10。中央値は11。最小は8。2番目に小さい数は？
460,IQ,ある規則で時計の針を進める。3時→6時→10時→？
461,IQ,"3×3のマス：左上から「1,2,3/4,5,6/7,8,?」。?は？"
462,IQ,"各行の和が15：「2,5,8/?4,6/3,7,?」。2つの?の和は？"
463,IQ,"対角線の積が等しい：「2,3,4/5,6,7/8,9,?」。?は？"
464,IQ,"2×2マス、各数は周囲の和：「1,2/3,?」。?は？"
465,IQ,回転パターン：○が時計回りに移動。次は？
466,IQ,色パターン：赤→青→黄→赤→青→?
467,IQ,"各列の積が等しい：「2,3,4/1,6,?/4,?,1」。欠けた2数の積は？"
468,IQ,"形状増加：△,△△,△△△,?"
469,IQ,"魔方陣の一部：「4,9,2/?5,7/8,1,?」。?の和は？"
470,IQ,"2倍パターン：「1,2,4/3,6,12/?24,48」。?は？"
471,IQ,"A={1,2,3}, B={2,3,4}。A∩Bは？"
472,IQ,"A={1,2,3}, B={3,4,5}。A∪Bの要素数は？"
473,IQ,"全体集合U={1,2,3,4,5}, A={1,2,3}。Aの補集合は？"
474,IQ,"A⊂B, B⊂C。正しいのは？"
475,IQ,30人のクラス。数学好き20人、国語好き15人、両方好き8人。どちらも嫌いは？
476,IQ,"A-B（差集合）={1,2}, B-A={4,5}, A∩B={3}。A∪Bは？"
477,IQ,"べき集合：A={1,2}のべき集合の要素数は？"
478,IQ,"A×B（直積）：A={1,2}, B={3,4}。A×Bの要素数は？"
479,IQ,ド・モルガンの法則：(A∪B)^c = ?
480,IQ,100人：英語80人、数学70人、両方60人。どちらか1つだけ？
481,IQ,全てのAはB。全てのBはC。よって全てのAは？
482,IQ,AまたはBが真。Aが偽。よってBは？
483,IQ,もしAならばB。Bが偽。よってAは？
484,IQ,AかつBが真。よってAは？
485,IQ,もしAならばB。Aが真。よってBは？
486,IQ,医者でない人は全員看護師。太郎は看護師でない。太郎は？
487,IQ,A→B、B→C、C→D。Aが真ならDは？
488,IQ,赤か青のどちらか。赤でない。よって？
489,IQ,AならばB。BならばC。CならばA。Aが偽ならBは？
490,IQ,全ての猫は動物。ポチは動物でない。ポチは？
491,IQ,もしAならばBかC。Bが偽、Cが偽。よってAは？
492,IQ,AとBは両方真か両方偽。Aが真。Bは？
493,IQ,少なくとも1人は嘘つき。全員正直者は矛盾。よって？
494,IQ,XかYが必要。Xがない。よって？
495,IQ,もしAならばBでない。Bが真。よってAは？
496,IQ,"2, 4, 8, 16, ?"
497,IQ,"1, 1, 2, 3, 5, 8, ?"
498,IQ,"3, 6, 12, 24, ?"
499,IQ,"1, 4, 9, 16, 25, ?"
500,IQ,"2, 5, 10, 17, 26, ?"
501,IQ,"5, 10, 20, 35, 55, ?"
502,IQ,"1, 3, 7, 15, 31, ?"
503,IQ,"100, 50, 25, 12.5, ?"
504,IQ,"2, 3, 5, 7, 11, ?"
505,IQ,"1, 8, 27, 64, ?"
506,IQ,"0, 1, 1, 2, 4, 7, 13, ?"
507,IQ,"6, 12, 24, 48, ?"
508,IQ,"10, 20, 15, 30, 25, ?"
509,IQ,"3, 9, 27, 81, ?"
510,IQ,"1, 2, 4, 7, 11, 16, ?"
511,IQ,立方体を真上から見ると？
512,IQ,円柱を横から見ると？
513,IQ,正方形を対角線で折ると？
514,IQ,立方体の展開図。向かい合う面の数字の和が7。1の向かいは？
515,IQ,鏡に映った「AMBULANCE」は？
516,IQ,時計の針が3時を指している。鏡に映ると？
517,IQ,正四面体の面の数は？
518,IQ,立方体を斜めに切ると断面は？
519,IQ,円錐を真横から見ると？
520,IQ,正六面体（立方体）の頂点の数は？
521,IQ,3人を2つのグループに分ける方法は？
522,IQ,4つから2つ選ぶ方法は？
523,IQ,3色から2色選んで並べる方法は？
524,IQ,5人が一列に並ぶ方法は？
525,IQ,10人から3人選ぶ方法は？
526,IQ,ABCの3文字を並べ替える方法は？
527,IQ,赤玉3個、青玉2個を並べる方法は？
528,IQ,6人から委員長・副委員長を選ぶ方法は？
529,IQ,コイン3枚を投げる結果は？
530,IQ,5つの都市を巡る最短経路（始点固定）の候補数は？
531,IQ,時速60kmで2時間走った距離は？
532,IQ,120kmを時速40kmで走る時間は？
533,IQ,300kmを5時間で走る速度は？
534,IQ,AとBが反対方向に時速50km、時速30kmで出発。2時間後の距離は？
535,IQ,時計の長針が12から3まで動く時間は？
536,IQ,川の流れ：上り時速10km、下り時速20km。静水時の速度は？
537,IQ,9時から12時まで何時間？
538,IQ,時速72kmは秒速何m？
539,IQ,A地点から30km離れたB地点へ時速60kmで向かう。何分かかる？
540,IQ,池の周りを時速12kmと時速8kmで同時出発。追いつく時間は？（周長4km）
541,IQ,往復で平均時速60km。行きが時速40km。帰りの速度は？
542,IQ,10分で1200m進む。時速は？
543,IQ,AがBより30分早く出発。時速60kmと80km。Bが追いつく時間は？
544,IQ,時計の短針と長針が重なるのは12時の次は？
545,IQ,分速80mで15分歩いた距離は？
546,IQ,100の20%は？
547,IQ,200円の30%引きは？
548,IQ,A:B=2:3、A=10のときBは？
549,IQ,500円が20%増えると？
550,IQ,40人中8人が欠席。出席率は？
551,IQ,3:4:5の比で60を分けると最大は？
552,IQ,原価800円、2割の利益。売値は？
553,IQ,濃度5%の食塩水200g。食塩は何g？
554,IQ,15は60の何%？
555,IQ,A:B=3:5、A+B=80。Aは？
556,IQ,10%の食塩水300gと20%の食塩水200gを混ぜると？
557,IQ,定価の2割引きで1600円。定価は？
558,IQ,男子24人、女子16人。男子の割合は？
559,IQ,800円が20%引き後、さらに10%引き。最終価格は？
560,IQ,AとBの比が2:3。Aを30%増やすとBと同じ。元のAは？
561,IQ,"1, 4, 9, 16, 25の規則は？"
562,IQ,"A, C, E, G, ?"
563,IQ,○△□○△□○△?
564,IQ,"1, 1, 2, 6, 24, ?"
565,IQ,月火水木金土?
566,IQ,"2, 6, 12, 20, 30, ?"
567,IQ,春夏秋冬春夏?
568,IQ,赤青黄緑赤青?
569,IQ,"A1, B2, C3, D4, ?"
570,IQ,"10, 20, 15, 30, 25, 50, ?"
571,IQ,"A>B, B>C, C>D。最大は？"
572,IQ,赤か青、青でない、よって？
573,IQ,AはBの兄、BはCの姉。AとCの関係は？
574,IQ,5人：太郎は花子より背が高い。次郎は太郎より低い。花子は三郎より高い。四郎は次郎より高い。最も高いのは？
575,IQ,猫か犬、鳴かない、犬は鳴く。よって？
576,IQ,"A,B,Cが野球、サッカー、テニスをする。Aは球を蹴らない。Bはネットを使わない。Cのスポーツは？"
577,IQ,3人が赤白青の服。Aは赤でない、Bは白でない、Cは青でない。Aの服は？
578,IQ,月曜から金曜まで5教科。国語は水曜より前、数学は木曜、英語は火曜でない、理科は国語の翌日。月曜の教科は？
579,IQ,4人が1~4位。Aは1位でない。Bは最下位でない。Cは2位。Dの順位は？
580,IQ,犬、猫、鳥がいる。犬は吠える、猫は鳴く、鳥は鳴く。吠えない動物は？
581,IQ,次の図形パターンで？に入るのは？
582,IQ,次の色パターンで？に入るのは？
583,IQ,図形の数のパターンで次に来るのは？
584,IQ,次に来る図形は？
585,IQ,矢印の向きのパターンで次は？
586,IQ,円の大きさのパターンで次は？
587,IQ,左右対称を完成させるには？
588,IQ,重なりの数のパターンは？
589,IQ,図形の分割パターンで次は？
590,IQ,サイコロの目のパターンで次は？
591,IQ,濃淡のパターンで次は？
592,IQ,正方形の回転パターンで次は？
593,IQ,各行の合計が15になる数字は？
594,IQ,鏡に映った図形は？
595,IQ,この展開図でできる立体は？
596,IQ,欠けている円の位置は？
597,IQ,パターン16で次に来るのは？
598,IQ,パターン17で次に来るのは？
599,IQ,パターン18で次に来るのは？
600,IQ,パターン19で次に来るのは？
601,IQ,パターン20で次に来るのは？
602,IQ,パターン21で次に来るのは？
603,IQ,パターン22で次に来るのは？
604,IQ,パターン23で次に来るのは？
605,IQ,パターン24で次に来るのは？
606,IQ,パターン25で次に来るのは？
607,IQ,パターン26で次に来るのは？
608,IQ,パターン27で次に来るのは？
609,IQ,パターン28で次に来るのは？
610,IQ,パターン29で次に来るのは？
611,IQ,パターン30で次に来るのは？
612,IQ,パターン31で次に来るのは？
613,IQ,パターン32で次に来るのは？
614,IQ,パターン33で次に来るのは？
615,IQ,パターン34で次に来るのは？
616,IQ,パターン35で次に来るのは？
617,IQ,パターン36で次に来るのは？
618,IQ,パターン37で次に来るのは？
619,IQ,パターン38で次に来るのは？
620,IQ,パターン39で次に来るのは？
621,IQ,パターン40で次に来るのは？
622,IQ,パターン41で次に来るのは？
623,IQ,パターン42で次に来るのは？
624,IQ,パターン43で次に来るのは？
625,IQ,パターン44で次に来るのは？
626,IQ,パターン45で次に来るのは？
627,IQ,パターン46で次に来るのは？
628,IQ,パターン47で次に来るのは？
629,IQ,パターン48で次に来るのは？
630,IQ,パターン49で次に来るのは？
631,IQ,パターン50で次に来るのは？
632,IQ,時計が1時を指している。2時間後は？
633,IQ,時計が2時を指している。2時間後は？
634,IQ,時計が3時を指している。2時間後は？
635,IQ,時計が4時を指している。2時間後は？
636,IQ,時計が5時を指している。2時間後は？
637,IQ,時計が6時を指している。2時間後は？
638,IQ,時計が7時を指している。2時間後は？
639,IQ,時計が8時を指している。2時間後は？
640,IQ,時計が9時を指している。2時間後は？
641,IQ,時計が10時を指している。2時間後は？
642,IQ,数学21人、英語16人、両方4人。数学のみは？
643,IQ,数学22人、英語17人、両方5人。数学のみは？
644,IQ,数学23人、英語18人、両方6人。数学のみは？
645,IQ,数学24人、英語19人、両方7人。数学のみは？
646,IQ,数学25人、英語20人、両方8人。数学のみは？
647,IQ,数学26人、英語21人、両方9人。数学のみは？
648,IQ,数学27人、英語22人、両方10人。数学のみは？
649,IQ,数学28人、英語23人、両方11人。数学のみは？
650,IQ,数学29人、英語24人、両方12人。数学のみは？
651,IQ,数学30人、英語25人、両方13人。数学のみは？
652,IQ,座標パターン71：規則的に並ぶ点の次は？
653,IQ,座標パターン72：規則的に並ぶ点の次は？
654,IQ,座標パターン73：規則的に並ぶ点の次は？
655,IQ,座標パターン74：規則的に並ぶ点の次は？
656,IQ,座標パターン75：規則的に並ぶ点の次は？
657,IQ,座標パターン76：規則的に並ぶ点の次は？
658,IQ,座標パターン77：規則的に並ぶ点の次は？
659,IQ,座標パターン78：規則的に並ぶ点の次は？
660,IQ,座標パターン79：規則的に並ぶ点の次は？
661,IQ,座標パターン80：規則的に並ぶ点の次は？
662,IQ,天秤の左に1kg。釣り合うには右に？
663,IQ,天秤の左に2kg。釣り合うには右に？
664,IQ,天秤の左に3kg。釣り合うには右に？
665,IQ,天秤の左に4kg。釣り合うには右に？
666,IQ,天秤の左に5kg。釣り合うには右に？
667,IQ,天秤の左に6kg。釣り合うには右に？
668,IQ,天秤の左に7kg。釣り合うには右に？
669,IQ,天秤の左に8kg。釣り合うには右に？
670,IQ,天秤の左に9kg。釣り合うには右に？
671,IQ,天秤の左に10kg。釣り合うには右に？
672,IQ,"論理AND回路：A=1, B=1のとき出力は？"
673,IQ,"論理AND回路：A=1, B=0のとき出力は？"
674,IQ,"論理AND回路：A=1, B=1のとき出力は？"
675,IQ,"論理AND回路：A=1, B=0のとき出力は？"
676,IQ,"論理AND回路：A=1, B=1のとき出力は？"
677,IQ,"論理AND回路：A=1, B=0のとき出力は？"
678,IQ,"論理AND回路：A=1, B=1のとき出力は？"
679,IQ,"論理AND回路：A=1, B=0のとき出力は？"
680,IQ,"論理AND回路：A=1, B=1のとき出力は？"
681,IQ,"論理AND回路：A=1, B=0のとき出力は？"
682,IQ,サイコロを1回振って2が出る確率は？
683,IQ,サイコロを1回振って3が出る確率は？
684,IQ,サイコロを1回振って4が出る確率は？
685,IQ,サイコロを1回振って5が出る確率は？
686,IQ,サイコロを1回振って6が出る確率は？
687,IQ,サイコロを1回振って1が出る確率は？
688,IQ,サイコロを1回振って2が出る確率は？
689,IQ,サイコロを1回振って3が出る確率は？
690,IQ,サイコロを1回振って4が出る確率は？
691,IQ,サイコロを1回振って5が出る確率は？
692,IQ,3個から2個選ぶ組み合わせの数は？
693,IQ,4個から2個選ぶ組み合わせの数は？
694,IQ,5個から2個選ぶ組み合わせの数は？
695,IQ,6個から2個選ぶ組み合わせの数は？
696,IQ,7個から2個選ぶ組み合わせの数は？
697,IQ,8個から2個選ぶ組み合わせの数は？
698,IQ,9個から2個選ぶ組み合わせの数は？
699,IQ,10個から2個選ぶ組み合わせの数は？
700,IQ,11個から2個選ぶ組み合わせの数は？
701,IQ,12個から2個選ぶ組み合わせの数は？
702,IQ,A>B、B>Cのとき、AとCの関係は？
703,IQ,A>B、B>Cのとき、AとCの関係は？
704,IQ,A>B、B>Cのとき、AとCの関係は？
705,IQ,A>B、B>Cのとき、AとCの関係は？
706,IQ,A>B、B>Cのとき、AとCの関係は？
707,IQ,A>B、B>Cのとき、AとCの関係は？
708,IQ,A>B、B>Cのとき、AとCの関係は？
709,IQ,A>B、B>Cのとき、AとCの関係は？
710,IQ,A>B、B>Cのとき、AとCの関係は？
711,IQ,A>B、B>Cのとき、AとCの関係は？
712,IQ,一辺4cmの正方形の面積は？
713,IQ,一辺5cmの正方形の面積は？
714,IQ,一辺6cmの正方形の面積は？
715,IQ,一辺7cmの正方形の面積は？
716,IQ,一辺8cmの正方形の面積は？
717,IQ,一辺9cmの正方形の面積は？
718,IQ,一辺10cmの正方形の面積は？
719,IQ,一辺11cmの正方形の面積は？
720,IQ,一辺12cmの正方形の面積は？
721,IQ,一辺13cmの正方形の面積は？
722,IQ,🎉最終問題1：3つの図形のパターンで次は？
723,IQ,🎉最終問題2：3つの図形のパターンで次は？
724,IQ,🎉最終問題3：3つの図形のパターンで次は？
725,IQ,🎉最終問題4：3つの図形のパターンで次は？
726,IQ,🎉最終問題5：3つの図形のパターンで次は？
727,IQ,🎉最終問題6：3つの図形のパターンで次は？
728,IQ,🎉最終問題7：3つの図形のパターンで次は？
729,IQ,🎉最終問題8：3つの図形のパターンで次は？
730,IQ,🎉最終問題9：3つの図形のパターンで次は？
731,JavaScript,オブジェクトのプロパティにアクセスする方法は？
732,JavaScript,"const obj = {a: 1, b: 2}; Object.keys(obj)の結果は？"
733,JavaScript,const obj = {a: 1}; delete obj.a; の後のobj.aは？
734,JavaScript,"Object.assign({a: 1}, {b: 2})の結果は？"
735,JavaScript,"const {a, b} = {a: 1, b: 2}; の後のaの値は？"
736,JavaScript,'key' in {key: 1}の結果は？
737,JavaScript,"Object.values({a: 1, b: 2})の結果は？"
738,JavaScript,const obj = {}; obj.x = 10; obj.xの値は？
739,JavaScript,Object.freeze()したオブジェクトは？
740,JavaScript,...演算子でオブジェクトをコピー：{...obj}
741,JavaScript,"[1, 2, 3].reduce((a, b) => a + b, 0)の結果は？"
742,JavaScript,"[1, 2, 3].find(x => x > 1)の結果は？"
743,JavaScript,"[1, 2, 3].every(x => x > 0)の結果は？"
744,JavaScript,"[1, 2, 3].some(x => x > 2)の結果は？"
745,JavaScript,"[[1, 2], [3, 4]].flat()の結果は？"
746,JavaScript,"[1, 2].flatMap(x => [x, x * 2])の結果は？"
747,JavaScript,"[...new Set([1, 1, 2, 2, 3])]の結果は？"
748,JavaScript,"[1, 2, 3].findIndex(x => x === 2)の結果は？"
749,JavaScript,Array.from('abc')の結果は？
750,JavaScript,"[1, 2, 3].fill(0)の結果は？"
751,JavaScript,Promise.resolve(1).then(x => x + 1)の最終結果は？
752,JavaScript,async function f() { return 1; } の返り値の型は？
753,JavaScript,await式が使えるのは？
754,JavaScript,"Promise.all([p1, p2])の動作は？"
755,JavaScript,"Promise.race([p1, p2])の動作は？"
756,JavaScript,try-catchでPromiseのエラーを捕捉するには？
757,JavaScript,.catch()メソッドの役割は？
758,JavaScript,.finally()は何時実行される？
759,JavaScript,"setTimeout(() => console.log('a'), 0)の実行タイミングは？"
760,JavaScript,Promise.reject('err').catch(e => e)の結果は？
761,JavaScript,let x = 1; function f() { return x; } f()の結果は？
762,JavaScript,function outer() { let x = 1; return function() { return x; }; } のパターンは？
763,JavaScript,var と let の主な違いは？
764,JavaScript,const で宣言した配列に push() できる？
765,JavaScript,"for (var i = 0; i < 3; i++) { setTimeout(() => console.log(i), 0); } の出力は？"
766,JavaScript,即時実行関数式(IIFE)の書き方は？
767,JavaScript,アロー関数のthisは何を指す？
768,JavaScript,'use strict' の効果は？
769,JavaScript,let x; console.log(x); の出力は？
770,JavaScript,ホイスティングが起こるのは？
771,JavaScript,JavaScriptの継承の仕組みは？
772,JavaScript,class は何のシンタックスシュガー？
773,JavaScript,new演算子の役割は？
774,JavaScript,class内のstaticメソッドの特徴は？
775,JavaScript,extends キーワードの役割は？
776,JavaScript,super() の役割は？
777,JavaScript,Object.create(proto)の役割は？
778,JavaScript,instanceof 演算子の役割は？
779,JavaScript,__proto__ と prototype の違いは？
780,JavaScript,constructor プロパティは何を指す？
781,JavaScript,ES6モジュールでエクスポートする方法は？
782,JavaScript,import文の正しい書き方は？
783,JavaScript,export default の特徴は？
784,JavaScript,import * as obj from './file' の意味は？
785,JavaScript,テンプレートリテラルの記号は？
786,JavaScript,`Hello ${name}` の ${} の役割は？
787,JavaScript,スプレッド演算子 ... の使い方は？
788,JavaScript,レスト引数 ...args の役割は？
789,JavaScript,デフォルト引数の書き方は？
790,JavaScript,Symbolの特徴は？
791,JavaScript,try-catchでエラーを捕捉する構文は？
792,JavaScript,throw new Error('message') の役割は？
793,JavaScript,finallyブロックの実行タイミングは？
794,JavaScript,console.log()の役割は？
795,JavaScript,typeof null の結果は？
796,JavaScript,JSON.parse()の役割は？
797,JavaScript,JSON.stringify()の役割は？
798,JavaScript,"localStorage.setItem('key', 'value')の役割は？"
799,JavaScript,"setInterval(fn, 1000)の動作は？"
800,JavaScript,clearInterval(id)の役割は？
801,Python,if x > 0: の行末のコロン(:)は？
802,Python,for i in range(3): の実行回数は？
803,Python,while True: の動作は？
804,Python,break文の役割は？
805,Python,continue文の役割は？
806,Python,else節がfor/whileループにも使える？
807,Python,pass文の役割は？
808,Python,if x == 5: と if x = 5: の違いは？
809,Python,match-case文（Python 3.10+）の用途は？
810,Python,elif は何の略？
811,Python,def func(): の後のインデントは？
812,Python,関数の返り値を返すキーワードは？
813,Python,def f(x=1): のx=1は？
814,Python,*args の役割は？
815,Python,**kwargs の役割は？
816,Python,lambda x: x * 2 は何？
817,Python,global キーワードの役割は？
818,Python,nonlocal キーワードの役割は？
819,Python,関数内で定義した変数のスコープは？
820,Python,デコレータ @decorator の役割は？
821,Python,class MyClass: でクラスを定義する際の慣例は？
822,Python,__init__ メソッドの役割は？
823,Python,self の意味は？
824,Python,クラス継承の書き方は？
825,Python,super() の役割は？
826,Python,プライベート変数の慣例は？
827,Python,@staticmethod の役割は？
828,Python,@classmethod の第一引数は？
829,Python,__str__ メソッドの役割は？
830,Python,多重継承は可能？
831,Python,"[1, 2, 3].append(4) の結果は？"
832,Python,"[1, 2, 3].pop() の返り値は？"
833,Python,"[1, 2, 3] + [4, 5] の結果は？"
834,Python,"[1, 2, 3] * 2 の結果は？"
835,Python,"タプル (1, 2, 3) は変更可能？"
836,Python,"set({1, 2, 2, 3}) の結果は？"
837,Python,"[x*2 for x in [1,2,3]] の結果は？"
838,Python,"[1, 2, 3][::-1] の結果は？"
839,Python,"'abc' in ['a', 'b', 'abc'] の結果は？"
840,Python,"len([1, [2, 3], 4]) の結果は？"
841,Python,"{'a': 1, 'b': 2}.get('c', 0) の結果は？"
842,Python,{'a': 1}.keys() の型は？
843,Python,"{**{'a': 1}, **{'b': 2}} の結果は？"
844,Python,"dict(a=1, b=2) の結果は？"
845,Python,"enumerate(['a','b','c']) の動作は？"
846,Python,"zip([1,2], ['a','b']) の結果は？"
847,Python,range(5) は何を返す？
848,Python,"reversed([1,2,3]) の型は？"
849,Python,"sorted([3,1,2]) の結果は？"
850,Python,"filter(lambda x: x>0, [-1,0,1,2]) の結果は？"
851,Python,'hello'.upper() の結果は？
852,Python,'  hello  '.strip() の結果は？
853,Python,'a-b-c'.split('-') の結果は？
854,Python,"'-'.join(['a','b','c']) の結果は？"
855,Python,"'hello'.replace('l', 'L') の結果は？"
856,Python,'hello'[1:4] の結果は？
857,Python,f'x={5}' の結果は？
858,Python,'hello'.startswith('he') の結果は？
859,Python,'123'.isdigit() の結果は？
860,Python,len('🐍') の結果は？
861,Python,"open('file.txt', 'r') の 'r' の意味は？"
862,Python,with open('file.txt') as f: の利点は？
863,Python,import math の後、円周率を使うには？
864,Python,from math import * の問題点は？
865,Python,import math as m の 'as m' の役割は？
866,Python,__name__ == '__main__' の意味は？
867,Python,os.path.exists('file.txt') の役割は？
868,Python,json.dumps({'a': 1}) の役割は？
869,Python,"json.loads('{""a"": 1}') の役割は？"
870,Python,pickle の用途は？
871,Python,try-except の役割は？
872,Python,except Exception as e: の e は？
873,Python,raise ValueError('message') の役割は？
874,Python,finally ブロックの実行タイミングは？
875,Python,assert x > 0 の役割は？
876,Python,print(f'{x=}') (Python 3.8+) の出力は？
877,Python,except の後に何も指定しないと？
878,Python,KeyError が発生するのは？
879,Python,IndexError が発生するのは？
880,Python,try-except-else の else の役割は？
881,Python,datetime.now() の役割は？
882,Python,"random.randint(1, 10) の結果は？"
883,Python,"re.match(r'^abc', 'abcdef') の役割は？"
884,Python,"collections.Counter([1,1,2,3]) の結果は？"
885,Python,collections.defaultdict(int) の特徴は？
886,Python,"itertools.chain([1,2], [3,4]) の役割は？"
887,Python,"sum([1, 2, 3]) の結果は？"
888,Python,"max([1, 5, 3]) の結果は？"
889,Python,"any([False, True, False]) の結果は？"
890,Python,"all([True, True, False]) の結果は？"
891,Python,type(3.14) の結果は？
892,Python,"int('10', 2) の結果は？"
893,Python,bin(10) の結果は？
894,Python,hex(255) の結果は？
895,Python,bool([]) の結果は？
896,Python,10 // 3 の結果は？
897,Python,10 % 3 の結果は？
898,Python,2 ** 3 の結果は？
899,Python,round(3.5) の結果は？
900,Python,abs(-5) の結果は？
901,Python,"divmod(10, 3) の結果は？"
902,Python,"complex(2, 3) の型は？"
903,Python,None の型は？
904,Python,0.1 + 0.2 == 0.3 の結果は？
905,Python,"isinstance(5, int) の結果は？"
906,Python,リストをソートするメソッドは？
907,Python,"[1,2,3].reverse() と reversed([1,2,3]) の違いは？"
908,Python,線形探索の計算量は？
909,Python,二分探索の前提条件は？
910,Python,二分探索の計算量は？
911,Python,バブルソートの最悪計算量は？
912,Python,再帰関数の特徴は？
913,Python,スタックの操作は？
914,Python,キューの操作は？
915,Python,ハッシュテーブルの平均検索時間は？
916,Python,collections.deque の特徴は？
917,Python,heapq モジュールの用途は？
918,Python,動的計画法の特徴は？
919,Python,貪欲法（greedy）の特徴は？
920,Python,in演算子でリスト検索の計算量は？
921,Python,sys.argv の用途は？
922,Python,os.environ の用途は？
923,Python,pathlib.Path の利点は？
924,Python,subprocess.run() の用途は？
925,Python,logging モジュールのレベルで最も重要度が高いのは？
926,Python,argparse の用途は？
927,Python,unittest の役割は？
928,Python,csv.reader() の用途は？
929,Python,urllib.request の用途は？
930,Python,hashlib.sha256() の用途は？
931,Python,PEP 8 は何の規約？
932,Python,snake_case が推奨されるのは？
933,Python,UPPER_CASE が推奨されるのは？
934,Python,docstring の書き方は？
935,Python,type hinting (型ヒント) の書き方は？
936,Python,仮想環境（venv）の用途は？
937,Python,pip の役割は？
938,Python,requirements.txt の用途は？
939,Python,__pycache__ の役割は？
940,Python,if __name__ == '__main__': の意味は？
941,Python,カプセル化の目的は？
942,Python,継承の利点は？
943,Python,ポリモーフィズムとは？
944,Python,抽象クラスの特徴は？
945,Python,"from abc import ABC, abstractmethod の用途は？"
946,Python,@property デコレータの役割は？
947,Python,@setter の役割は？
948,Python,__new__ メソッドの役割は？
949,Python,__del__ メソッドの役割は？
950,Python,__repr__ と __str__ の違いは？
951,Python,__eq__ メソッドの役割は？
952,Python,__len__ メソッドの役割は？
953,Python,__getitem__ メソッドの役割は？
954,Python,__iter__ メソッドの役割は？
955,Python,__call__ メソッドの役割は？
956,Python,yield キーワードの役割は？
957,Python,ジェネレータの利点は？
958,Python,(x**2 for x in range(10)) は？
959,Python,next() 関数の役割は？
960,Python,StopIteration 例外が発生するのは？
961,Python,"itertools.islice(range(10), 5) の結果は？"
962,Python,"itertools.cycle([1,2,3]) の動作は？"
963,Python,itertools.count(start=0) の動作は？
964,Python,"itertools.combinations([1,2,3], 2) の役割は？"
965,Python,"itertools.permutations([1,2], 2) の役割は？"
966,Python,zip_longest の特徴は？
967,Python,yield from の役割は？
968,Python,send() メソッドの役割は？
969,Python,close() メソッドの役割は？
970,Python,throw() メソッドの役割は？
971,Python,threading モジュールの用途は？
972,Python,multiprocessing モジュールの特徴は？
973,Python,GIL (Global Interpreter Lock) とは？
974,Python,asyncio の用途は？
975,Python,async def の役割は？
976,Python,await の使用場所は？
977,Python,threading.Lock() の役割は？
978,Python,Queue の特徴は？
979,Python,concurrent.futures.ThreadPoolExecutor の用途は？
980,Python,concurrent.futures.ProcessPoolExecutor の利点は？
981,Python,timeit モジュールの用途は？
982,Python,cProfile の用途は？
983,Python,メモリ使用量を減らすには？
984,Python,__slots__ の効果は？
985,Python,リスト内包表記 vs map() の違いは？
986,Python,functools.lru_cache の役割は？
987,Python,dis モジュールの用途は？
988,Python,sys.getsizeof() の役割は？
989,Python,gc モジュールの役割は？
990,Python,weakref の用途は？
991,Python,sqlite3 モジュールの用途は？
992,Python,cursor.execute() の役割は？
993,Python,cursor.fetchone() の返り値は？
994,Python,cursor.fetchall() の返り値は？
995,Python,conn.commit() の役割は？
996,Python,conn.rollback() の役割は？
997,Python,SQLインジェクション対策は？
998,Python,executemany() の用途は？
999,Python,with conn: の効果は？
1000,Python,PRIMARY KEY の役割は？
1001,Python,FOREIGN KEY の役割は？
1002,Python,INDEX の効果は？
1003,Python,INNER JOIN の動作は？
1004,Python,LEFT JOIN の動作は？
1005,Python,GROUP BY の用途は？
1006,Python,HAVING 句の用途は？
1007,Python,DISTINCT の役割は？
1008,Python,LIMIT の役割は？
1009,Python,ORDER BY DESC は？
1010,Python,LIKE 演算子の用途は？
1011,Python,NULL の扱い方は？
1012,Python,COUNT(*) の役割は？
1013,Python,SUM() の役割は？
1014,Python,AVG() の役割は？
1015,Python,MAX() / MIN() の役割は？
1016,Python,HTTP メソッドで取得は？
1017,Python,HTTP メソッドで作成は？
1018,Python,HTTP メソッドで更新は？
1019,Python,HTTP メソッドで削除は？
1020,Python,HTTP ステータス 200 の意味は？
1021,Python,HTTP ステータス 201 の意味は？
1022,Python,HTTP ステータス 400 の意味は？
1023,Python,HTTP ステータス 401 の意味は？
1024,Python,HTTP ステータス 403 の意味は？
1025,Python,HTTP ステータス 404 の意味は？
1026,Python,HTTP ステータス 500 の意味は？
1027,Python,REST API の特徴は？
1028,Python,JSON の正式名称は？
1029,Python,Cookie の特徴は？
1030,Python,Session の特徴は？
1031,Python,Flask の特徴は？
1032,Python,Django の特徴は？
1033,Python,FastAPI の特徴は？
1034,Python,WSGI とは？
1035,Python,requests.get() の役割は？
1036,Python,requests.post() の役割は？
1037,Python,Beautiful Soup の用途は？
1038,Python,URL エンコードの目的は？
1039,Python,Content-Type: application/json の意味は？
1040,Python,CORS の目的は？
1041,Python,NumPy の主な用途は？
1042,Python,pandas の主な用途は？
1043,Python,matplotlib の用途は？
1044,Python,DataFrame の特徴は？
1045,Python,Series の特徴は？
1046,Python,df.head() の役割は？
1047,Python,df.tail() の役割は？
1048,Python,df.describe() の役割は？
1049,Python,df.info() の役割は？
1050,Python,df.isnull() の役割は？
1051,Python,df.fillna(0) の役割は？
1052,Python,df.dropna() の役割は？
1053,Python,df.groupby() の用途は？
1054,Python,df.merge() の用途は？
1055,Python,df.sort_values() の役割は？
1056,Python,np.array() の役割は？
1057,Python,np.mean() の役割は？
1058,Python,np.median() の役割は？
1059,Python,np.std() の役割は？
1060,Python,sklearn の正式名称は？
1061,Python,train_test_split の役割は？
1062,Python,正規化の目的は？
1063,Python,過学習（overfitting）とは？
1064,Python,交差検証の目的は？
1065,Python,混同行列の用途は？
1066,Python,パスワードの保存方法は？
1067,Python,SQLインジェクション対策は？
1068,Python,XSS（クロスサイトスクリプティング）対策は？
1069,Python,CSRF対策は？
1070,Python,HTTPS の役割は？
1071,Python,secrets モジュールの用途は？
1072,Python,環境変数の用途は？
1073,Python,.env ファイルの扱いは？
1074,Python,eval() 関数の危険性は？
1075,Python,pickle の危険性は？
1076,Python,入力検証の原則は？
1077,Python,最小権限の原則とは？
1078,Python,ログに記録すべきでないもの？
1079,Python,OWASP Top 10 とは？
1080,Python,Two-Factor Authentication の略は？
1081,Python,JWT の署名目的は？
1082,Python,CORS エラーの解決方法は？
1083,Python,Content Security Policy の目的は？
1084,Python,同一生成元ポリシーとは？
1085,Python,Rate Limiting の目的は？
1086,Python,API キーの管理方法は？
1087,Python,ソルト（Salt）の目的は？
1088,Python,セッションハイジャック対策は？
1089,Python,依存パッケージの脆弱性チェックツールは？
1090,Python,Pythonバージョンのサポート期限を確認すべき理由は？
1091,PHP,PHPスクリプトの開始タグは？
1092,PHP,PHPの変数は何で始まる？
1093,PHP,文の終わりに必要なのは？
1094,PHP,コメントの書き方（1行）は？
1095,PHP,複数行コメントの書き方は？
1096,PHP,echo と print の違いは？
1097,PHP,文字列連結演算子は？
1098,PHP,変数の型を調べる関数は？
1099,PHP,定数の定義方法は？
1100,PHP,変数のスコープで関数内でグローバル変数を使うには？
1101,PHP,PHPの主なデータ型は？
1102,PHP,'5' == 5 の結果は？
1103,PHP,'5' === 5 の結果は？
1104,PHP,10 / 3 の結果の型は？
1105,PHP,10 % 3 の結果は？
1106,PHP,2 ** 3 の結果は？（PHP 5.6+）
1107,PHP,NULL合体演算子 ?? の役割は？（PHP 7+）
1108,PHP,Spaceship演算子 <=> の役割は？（PHP 7+）
1109,PHP,(int)$var の役割は？
1110,PHP,empty() と isset() の違いは？
1111,PHP,if文の書き方は？
1112,PHP,elseif と else if の違いは？
1113,PHP,switch文のdefaultの役割は？
1114,PHP,for文の書き方は？
1115,PHP,foreach文の書き方は？
1116,PHP,break文の役割は？
1117,PHP,continue文の役割は？
1118,PHP,while文の書き方は？
1119,PHP,do-while文の特徴は？
1120,PHP,三項演算子の書き方は？
1121,PHP,配列の定義方法は？
1122,PHP,連想配列の書き方は？
1123,PHP,count() の役割は？
1124,PHP,array_push() の役割は？
1125,PHP,array_pop() の役割は？
1126,PHP,in_array() の役割は？
1127,PHP,array_merge() の役割は？
1128,PHP,sort() の動作は？
1129,PHP,array_keys() の役割は？
1130,PHP,array_values() の役割は？
1131,PHP,関数の定義方法は？
1132,PHP,return文の役割は？
1133,PHP,デフォルト引数の書き方は？
1134,PHP,可変長引数の書き方は？（PHP 5.6+）
1135,PHP,型宣言の書き方は？（PHP 7+）
1136,PHP,無名関数（クロージャ）の書き方は？
1137,PHP,アロー関数の書き方は？（PHP 7.4+）
1138,PHP,use キーワードの役割（クロージャ）は？
1139,PHP,静的変数の宣言は？
1140,PHP,可変関数の呼び出し方は？
1141,PHP,strlen() の役割は？
1142,PHP,str_replace() の役割は？
1143,PHP,explode() の役割は？
1144,PHP,implode() の役割は？
1145,PHP,trim() の役割は？
1146,PHP,strtoupper() の役割は？
1147,PHP,substr() の役割は？
1148,PHP,strpos() の役割は？
1149,PHP,sprintf() の用途は？
1150,PHP,mb_strlen() と strlen() の違いは？
1151,PHP,クラスの定義方法は？
1152,PHP,インスタンス生成の方法は？
1153,PHP,__construct() の役割は？
1154,PHP,$this の意味は？
1155,PHP,"public, private, protected の違いは？"
1156,PHP,extends の役割は？
1157,PHP,implements の役割は？
1158,PHP,abstract class の特徴は？
1159,PHP,static の役割は？
1160,PHP,trait の用途は？
1161,PHP,ファイルの読み込み方法は？
1162,PHP,file_put_contents() の役割は？
1163,PHP,MySQLへの接続方法（推奨）は？
1164,PHP,PDO のプリペアドステートメントの利点は？
1165,PHP,session_start() の役割は？
1166,PHP,$_SESSION の用途は？
1167,PHP,$_POST の用途は？
1168,PHP,$_GET の用途は？
1169,PHP,$_COOKIE の用途は？
1170,PHP,$_SERVER['REQUEST_METHOD'] の値は？
1171,PHP,try-catch文の役割は？
1172,PHP,throw の役割は？
1173,PHP,finally ブロックの実行タイミングは？
1174,PHP,htmlspecialchars() の目的は？
1175,PHP,password_hash() の用途は？
1176,PHP,password_verify() の用途は？
1177,PHP,filter_var() の用途は？
1178,PHP,CSRF対策の方法は？
1179,PHP,error_reporting() の役割は？
1180,PHP,"ini_set('display_errors', '0') の効果は？"
1181,PHP,PHP8の名前付き引数の書き方は？
1182,PHP,Union型の書き方は？
1183,PHP,match式の特徴は？
1184,PHP,Null Safe演算子の書き方は？
1185,PHP,コンストラクタプロパティプロモーションとは？
1186,PHP,Attributes（属性）の書き方は？
1187,PHP,WeakMap の特徴は？
1188,PHP,Stringable インターフェースの役割は？
1189,PHP,throw式の特徴は？
1190,PHP,str_contains() の役割は？
1191,PHP,str_starts_with() の役割は？
1192,PHP,str_ends_with() の役割は？
1193,PHP,mixed型とは？
1194,PHP,static戻り値型の意味は？
1195,PHP,JITコンパイラの効果は？
1196,PHP,厳密な型チェックを有効にするには？
1197,PHP,戻り値の型宣言の書き方は？
1198,PHP,void戻り値型の意味は？
1199,PHP,never戻り値型の意味は？（PHP 8.1+）
1200,PHP,nullable型の書き方は？
1201,PHP,array型と配列の型ヒントの違いは？
1202,PHP,callable型とは？
1203,PHP,iterable型とは？
1204,PHP,object型とは？
1205,PHP,false型とは？（PHP 8.0+）
1206,PHP,true型とは？（PHP 8.2+）
1207,PHP,型の共変性（covariance）とは？
1208,PHP,型の反変性（contravariance）とは？
1209,PHP,Intersection型とは？（PHP 8.1+）
1210,PHP,DNF型とは？（PHP 8.2+）
1211,PHP,Enumの定義方法は？（PHP 8.1+）
1212,PHP,Pure Enumのケース定義は？
1213,PHP,Backed Enumとは？
1214,PHP,Backed Enumの書き方は？
1215,PHP,Enumのメソッド定義は可能？
1216,PHP,Enum::cases() の役割は？
1217,PHP,Backed Enumの->value の役割は？
1218,PHP,Enumの->name プロパティの値は？
1219,PHP,Backed Enum::from() の役割は？
1220,PHP,Backed Enum::tryFrom() と from() の違いは？
1221,PHP,readonly プロパティの特徴は？（PHP 8.1+）
1222,PHP,readonly プロパティの初期化タイミングは？
1223,PHP,readonly クラスとは？（PHP 8.2+）
1224,PHP,Fiber とは？（PHP 8.1+）
1225,PHP,Fiber::start() の役割は？
1226,PHP,Fiber::suspend() の役割は？
1227,PHP,Fiber::resume() の役割は？
1228,PHP,First-class callable syntax とは？（PHP 8.1+）
1229,PHP,new in initializers とは？（PHP 8.1+）
1230,PHP,Final class constants とは？（PHP 8.1+）
1231,PHP,matchの各caseは自動でbreakされる？
1232,PHP,matchで条件に一致しない場合は？
1233,PHP,名前付き引数で順序を変えられる？
1234,PHP,Null Safe演算子で配列アクセスは？
1235,PHP,Constructor property promotionでのアクセス修飾子は必須？
1236,PHP,Union型で重複した型は？
1237,PHP,mixed型にnullは含まれる？
1238,PHP,Attributeは実行時に取得できる？
1239,PHP,Attributeは複数付与できる？
1240,PHP,WeakMapのキーに使える型は？
1241,PHP,::class定数はオブジェクトでも使える？（PHP 8.0+）
1242,PHP,catch (Exception)でパラメータ省略可能？（PHP 8.0+）
1243,PHP,trailing comma（末尾カンマ）は関数呼び出しで使える？（PHP 8.0+）
1244,PHP,Stringableは暗黙的に実装される？
1245,PHP,非キャプチャcatchは例外をキャッチする？（PHP 8.0+）
1246,PHP,Pure Enumは何を継承する？
1247,PHP,Backed Enumで使える型は？
1248,PHP,Enumはインターフェースを実装できる？
1249,PHP,readonlyプロパティは初期化されないとどうなる？
1250,PHP,readonlyプロパティはunset()できる？
1251,PHP,Intersection型の書き方は？
1252,PHP,First-class callable: strlen(...) の型は？
1253,PHP,new in initializersで使えない場所は？
1254,PHP,Final class constantsは再代入できる？
1255,PHP,Fiberの実行コンテキストは独立？
1256,PHP,配列のunpacking（...）で文字列キーは使える？（PHP 8.1+）
1257,PHP,never型の関数内でreturnは？
1258,PHP,Octal数値リテラルの新しい書き方は？（PHP 8.1+）
1259,PHP,"fsync(), fdatasync()は何のため？（PHP 8.1+）"
1260,PHP,array_is_list()の役割は？（PHP 8.1+）
1261,PHP,readonly classの全プロパティは自動的に？
1262,PHP,readonly classは継承できる？
1263,PHP,DNF型（選言標準形）の例は？
1264,PHP,true型とfalse型の併用は？
1265,PHP,定数内での動的プロパティアクセスは？（PHP 8.2）
1266,PHP,#[\AllowDynamicProperties]の役割は？
1267,PHP,random_int()の改善点は？（PHP 8.2+）
1268,PHP,MySQLi実行モードのデフォルト変更は？（PHP 8.2）
1269,PHP,Sensitive parameter attribute とは？（PHP 8.2）
1270,PHP,ini_parse_quantity()の役割は？（PHP 8.2+）
1271,PHP,DTOでreadonly classを使う利点は？
1272,PHP,Enumを使うべき場面は？
1273,PHP,Attributeの一般的な用途は？
1274,PHP,matchを使うべき場面は？
1275,PHP,Null Safe演算子の適切な使用例は？
1276,PHP,Union型を避けるべき場面は？
1277,PHP,Constructor property promotionのメリットは？
1278,PHP,名前付き引数を使うべき場面は？
1279,PHP,Fiberの適切な使用例は？
1280,PHP,PHP8への移行で最も注意すべき点は？
1281,React,useStateで状態を更新する正しい方法は？
1282,React,useStateの初期値を関数で設定する利点は？
1283,React,useEffectの第2引数（依存配列）を空にすると？
1284,React,useEffectのクリーンアップ関数の用途は？
1285,React,useEffectで依存配列を省略すると？
1286,React,useContextの役割は？
1287,React,useReducerが有用なケースは？
1288,React,useReducerのreducer関数の引数は？
1289,React,useRefの主な用途は？
1290,React,useRefで保持した値を変更しても再レンダリングは？
1291,React,useLayoutEffectとuseEffectの違いは？
1292,React,useImperativeHandleの用途は？
1293,React,useDebugValueの用途は？
1294,React,Hooksのルール：呼び出し位置は？
1295,React,カスタムフックの命名規則は？
1296,React,useMemoの用途は？
1297,React,useCallbackの用途は？
1298,React,React.memoの役割は？
1299,React,React.memoの比較関数（第2引数）の戻り値は？
1300,React,useTransitionの用途は？
1301,React,useDeferredValueの用途は？
1302,React,key属性の役割は？
1303,React,keyにindexを使うべきでない理由は？
1304,React,Lazy Loadingの実装方法は？
1305,React,Suspenseのfallback propsの役割は？
1306,React,Propsのデフォルト値の設定方法は？
1307,React,Propsのバリデーションには何を使う？
1308,React,children propsの用途は？
1309,React,Compound Componentパターンの特徴は？
1310,React,Higher-Order Component (HOC)とは？
1311,React,Render Propsパターンとは？
1312,React,Controlled Componentとは？
1313,React,Uncontrolled Componentの特徴は？
1314,React,forwardRefの用途は？
1315,React,Fragment (<>...</>)の用途は？
1316,React,createContextの戻り値は？
1317,React,Context.Providerのvalue propsの役割は？
1318,React,useContextを使う際の注意点は？
1319,React,Context値が変更されると？
1320,React,状態のリフトアップとは？
1321,React,Prop Drillingの問題は？
1322,React,useReducerのdispatch関数の特徴は？
1323,React,複数のContextを使う場合の注意点は？
1324,React,Error Boundaryの実装方法は？
1325,React,componentDidCatchの役割は？
1326,React,StrictModeの役割は？
1327,React,Portalの用途は？
1328,React,React.PureComponentの特徴は？
1329,React,React Developer Toolsで確認できることは？
1330,React,React 18のConcurrent Renderingの特徴は？
1331,CSS,子孫セレクタの記法は？
1332,CSS,子セレクタの記法は？
1333,CSS,隣接兄弟セレクタの記法は？
1334,CSS,一般兄弟セレクタの記法は？
1335,CSS,"属性セレクタ [type=""text""] の意味は？"
1336,CSS,"属性セレクタ [class*=""btn""] の意味は？"
1337,CSS,"属性セレクタ [href^=""https""] の意味は？"
1338,CSS,"属性セレクタ [href$="".pdf""] の意味は？"
1339,CSS,:not(.active) の意味は？
1340,CSS,":is(h1, h2, h3) の役割は？"
1341,CSS,display: flex; の効果は？
1342,CSS,flex-direction: row; の効果は？
1343,CSS,flex-direction: column; の効果は？
1344,CSS,justify-content: center; の効果は？
1345,CSS,align-items: center; の効果は？
1346,CSS,justify-content: space-between; の効果は？
1347,CSS,justify-content: space-around; の効果は？
1348,CSS,flex-wrap: wrap; の効果は？
1349,CSS,flex: 1; の意味は？
1350,CSS,flex-grow: 1; の効果は？
1351,CSS,flex-shrink: 0; の効果は？
1352,CSS,flex-basis: 200px; の意味は？
1353,CSS,align-self: flex-end; の効果は？
1354,CSS,order: -1; の効果は？
1355,CSS,gap: 20px; の効果は（Flexbox）？
1356,CSS,display: grid; の効果は？
1357,CSS,grid-template-columns: 1fr 1fr 1fr; の意味は？
1358,CSS,"grid-template-columns: repeat(3, 1fr); の意味は？"
1359,CSS,grid-template-rows: 100px auto; の意味は？
1360,CSS,grid-gap: 20px; の効果は？
1361,CSS,grid-column: 1 / 3; の意味は？
1362,CSS,grid-row: span 2; の意味は？
1363,CSS,grid-template-areas の用途は？
1364,CSS,justify-items: center; の効果は（Grid）？
1365,CSS,align-items: center; の効果は（Grid）？
1366,CSS,position: relative; の特徴は？
1367,CSS,position: absolute; の特徴は？
1368,CSS,position: fixed; の特徴は？
1369,CSS,position: sticky; の特徴は？
1370,CSS,z-index の役割は？
1371,CSS,transition: all 0.3s ease; の意味は？
1372,CSS,transition-property: opacity; の効果は？
1373,CSS,transition-duration: 2s; の意味は？
1374,CSS,transition-delay: 1s; の効果は？
1375,CSS,transition-timing-function: ease-in; の効果は？
1376,CSS,@keyframes の役割は？
1377,CSS,animation: bounce 2s infinite; の意味は？
1378,CSS,animation-iteration-count: 3; の意味は？
1379,CSS,animation-direction: alternate; の効果は？
1380,CSS,animation-fill-mode: forwards; の効果は？
1381,CSS,animation-play-state: paused; の効果は？
1382,CSS,transform: rotate(45deg); の効果は？
1383,CSS,transform: scale(1.5); の効果は？
1384,CSS,"transform: translate(50px, 100px); の効果は？"
1385,CSS,transform: skew(20deg); の効果は？
1386,CSS,transform-origin: top left; の意味は？
1387,CSS,transform: translateX(100px); の効果は？
1388,CSS,transform: rotateY(180deg); の効果は？
1389,CSS,perspective: 500px; の役割は？
1390,CSS,backface-visibility: hidden; の効果は？
1391,CSS,@media (max-width: 768px) { } の意味は？
1392,CSS,@media (min-width: 1024px) { } の意味は？
1393,CSS,@media (orientation: portrait) { } の意味は？
1394,CSS,"viewport meta tagのcontent=""width=device-width""の役割は？"
1395,CSS,モバイルファーストとは？
1396,CSS,"clamp(16px, 4vw, 24px) の意味は？"
1397,CSS,vw単位の意味は？
1398,CSS,vh単位の意味は？
1399,CSS,CSS変数の定義方法は？
1400,CSS,CSS変数の使用方法は？
1401,CSS,:root { } の役割は？
1402,CSS,calc(100% - 50px) の意味は？
1403,CSS,aspect-ratio: 16 / 9; の効果は？
1404,CSS,object-fit: cover; の効果は？
1405,CSS,filter: blur(5px); の効果は？
1406,CSS,:nth-child(2n) の意味は？
1407,CSS,:nth-child(odd) の意味は？
1408,CSS,::before の役割は？
1409,CSS,::after の役割は？
1410,CSS,:focus-within の意味は？
1411,HTML,<header>タグの用途は？
1412,HTML,<nav>タグの用途は？
1413,HTML,<main>タグの用途は？
1414,HTML,<article>タグの用途は？
1415,HTML,<section>タグの用途は？
1416,HTML,<aside>タグの用途は？
1417,HTML,<footer>タグの用途は？
1418,HTML,<figure>と<figcaption>の関係は？
1419,HTML,<time>タグの用途は？
1420,HTML,<mark>タグの用途は？
1421,HTML,"<input type=""email"">の特徴は？"
1422,HTML,"<input type=""number"">の特徴は？"
1423,HTML,"<input type=""date"">の特徴は？"
1424,HTML,"<input type=""color"">の特徴は？"
1425,HTML,"<input type=""range"">の特徴は？"
1426,HTML,"<input type=""tel"">の用途は？"
1427,HTML,"<input type=""url"">の特徴は？"
1428,HTML,required属性の役割は？
1429,HTML,placeholder属性の役割は？
1430,HTML,pattern属性の役割は？
1431,HTML,min/max属性の用途は？
1432,HTML,maxlength属性の役割は？
1433,HTML,<datalist>タグの用途は？
1434,HTML,<textarea>のcols/rows属性は？
1435,HTML,"autocomplete=""off""の効果は？"
1436,HTML,"<meta charset=""UTF-8"">の役割は？"
1437,HTML,"<meta name=""viewport"">の役割は？"
1438,HTML,"<meta name=""description"">の役割は？"
1439,HTML,"<meta name=""keywords"">の現在の扱いは？"
1440,HTML,"<link rel=""canonical"">の役割は？"
1441,HTML,OGP（Open Graph Protocol）の用途は？
1442,HTML,"<meta property=""og:title"">の役割は？"
1443,HTML,"<link rel=""icon"">の役割は？"
1444,HTML,<video>のcontrols属性の役割は？
1445,HTML,<video>のautoplay属性の効果は？
1446,HTML,<audio>のloop属性の効果は？
1447,HTML,<picture>タグの用途は？
1448,HTML,<img>のsrcset属性の役割は？
1449,HTML,"<img>のloading=""lazy""の効果は？"
1450,HTML,<iframe>のsandbox属性の役割は？
1451,HTML,alt属性の役割は？
1452,HTML,ARIA（Accessible Rich Internet Applications）の用途は？
1453,HTML,"role=""button""の意味は？"
1454,HTML,aria-label属性の役割は？
1455,HTML,aria-labelledby属性の役割は？
1456,HTML,aria-describedby属性の役割は？
1457,HTML,"aria-hidden=""true""の効果は？"
1458,HTML,"tabindex=""0""の効果は？"
1459,HTML,"tabindex=""-1""の効果は？"
1460,HTML,<label>のfor属性の役割は？
1461,HTML,localStorage.setItem()の用途は？
1462,HTML,sessionStorage.setItem()の特徴は？
1463,HTML,Geolocation APIの用途は？
1464,HTML,<canvas>タグの用途は？
1465,HTML,Drag and Drop APIのdraggable属性は？
1466,HTML,Web Workersの用途は？
1467,HTML,<details>と<summary>の関係は？
1468,HTML,<dialog>タグの用途は？
1469,HTML,<template>タグの用途は？
1470,HTML,contenteditable属性の効果は？
1471,Java,Javaのプリミティブ型は何種類？
1472,Java,int型の範囲は？
1473,Java,long型のリテラル表記は？
1474,Java,double型とfloat型の違いは？
1475,Java,char型のサイズは？
1476,Java,boolean型の値は？
1477,Java,var キーワード（Java 10+）の特徴は？
1478,Java,final変数の特徴は？
1479,Java,String型はプリミティブ型？
1480,Java,nullを代入できるのは？
1481,Java,++i と i++ の違いは？
1482,Java,== と equals() の違いは？
1483,Java,&& と || の短絡評価とは？
1484,Java,三項演算子の構文は？
1485,Java,switch文でbreakを省略すると？
1486,Java,拡張for文（for-each）の構文は？
1487,Java,continueの効果は？
1488,Java,breakの効果は？
1489,Java,ラベル付きbreakの用途は？
1490,Java,do-while文の特徴は？
1491,Java,配列の宣言方法は？
1492,Java,配列の初期化方法は？
1493,Java,配列のlengthは？
1494,Java,配列のインデックスは？
1495,Java,多次元配列の宣言は？
1496,Java,可変長引数の構文は？
1497,Java,Arrays.sort()の役割は？
1498,Java,Arrays.copyOf()の役割は？
1499,Java,System.arraycopy()の用途は？
1500,Java,配列とArrayListの主な違いは？
1501,Java,メソッドのシグネチャとは？
1502,Java,メソッドのオーバーロードとは？
1503,Java,void型の意味は？
1504,Java,returnの役割は？
1505,Java,staticメソッドの特徴は？
1506,Java,staticメソッドから非staticメンバーにアクセスできる？
1507,Java,再帰メソッドとは？
1508,Java,main()メソッドのシグネチャは？
1509,Java,可変長引数は何個まで定義できる？
1510,Java,メソッド参照（::）の用途は？
1511,Java,String型は不変（immutable）？
1512,Java,StringBuilderの特徴は？
1513,Java,StringBufferとStringBuilderの違いは？
1514,Java,String.length()の戻り値は？
1515,Java,"String.substring(int begin, int end)の動作は？"
1516,Java,String.indexOf()の戻り値は？
1517,Java,String.replace()とreplaceAll()の違いは？
1518,Java,String.split()の役割は？
1519,Java,String.trim()の役割は？
1520,Java,Mathクラスのメソッドは？
1521,Java,クラスの定義キーワードは？
1522,Java,インスタンスの生成方法は？
1523,Java,コンストラクタの特徴は？
1524,Java,デフォルトコンストラクタとは？
1525,Java,thisキーワードの役割は？
1526,Java,this()の用途は？
1527,Java,インスタンス変数とクラス変数の違いは？
1528,Java,ゲッター（getter）の役割は？
1529,Java,セッター（setter）の役割は？
1530,Java,メソッドのオーバーライドとは？
1531,Java,@Overrideアノテーションの役割は？
1532,Java,staticブロックの用途は？
1533,Java,継承のキーワードは？
1534,Java,Javaの継承は？
1535,Java,superキーワードの役割は？
1536,Java,super()の用途は？
1537,Java,子クラスのコンストラクタで最初に実行されるのは？
1538,Java,finalクラスの特徴は？
1539,Java,finalメソッドの特徴は？
1540,Java,Object クラスの位置付けは？
1541,Java,toString()メソッドの役割は？
1542,Java,equals()メソッドの役割は？
1543,Java,インターフェースの定義キーワードは？
1544,Java,インターフェースの実装キーワードは？
1545,Java,インターフェースのメソッドは？
1546,Java,インターフェースの変数は？
1547,Java,クラスは複数のインターフェースを実装できる？
1548,Java,デフォルトメソッド（Java 8+）とは？
1549,Java,インターフェースにstaticメソッドを定義できる？
1550,Java,関数型インターフェースとは？
1551,Java,@FunctionalInterfaceアノテーションの役割は？
1552,Java,インターフェースは他のインターフェースを？
1553,Java,抽象クラスの定義キーワードは？
1554,Java,抽象クラスの特徴は？
1555,Java,抽象メソッドの特徴は？
1556,Java,抽象クラスはコンストラクタを持てる？
1557,Java,抽象クラスとインターフェースの主な違いは？
1558,Java,ポリモーフィズム（多態性）とは？
1559,Java,アップキャストとは？
1560,Java,ダウンキャストとは？
1561,Java,instanceof演算子の役割は？
1562,Java,カプセル化とは？
1563,Java,publicの意味は？
1564,Java,privateの意味は？
1565,Java,protectedの意味は？
1566,Java,修飾子なし（デフォルト）の意味は？
1567,Java,内部クラス（Inner Class）とは？
1568,Java,static内部クラスの特徴は？
1569,Java,enumの用途は？
1570,Java,enumの定義例は？
1571,Java,ArrayListの特徴は？
1572,Java,LinkedListの特徴は？
1573,Java,HashSetの特徴は？
1574,Java,TreeSetの特徴は？
1575,Java,HashMapの特徴は？
1576,Java,TreeMapの特徴は？
1577,Java,LinkedHashMapの特徴は？
1578,Java,Queueの主なメソッドは？
1579,Java,Stackの主なメソッドは？
1580,Java,Collections.sort()の役割は？
1581,Java,Iteratorの用途は？
1582,Java,拡張for文でコレクションを反復できる？
1583,Java,try-catch-finally構文の役割は？
1584,Java,チェック例外とは？
1585,Java,非チェック例外（実行時例外）とは？
1586,Java,throwキーワードの役割は？
1587,Java,throwsキーワードの役割は？
1588,Java,カスタム例外の作成方法は？
1589,Java,try-with-resources構文の用途は？
1590,Java,複数の例外をまとめて捕捉する方法は（Java 7+）？
1591,Java,ジェネリクスの用途は？
1592,Java,ジェネリクスの記法は？
1593,Java,ワイルドカード<?>の意味は？
1594,Java,<? extends T>の意味は？
1595,Java,<? super T>の意味は？
1596,Java,ラムダ式の構文は？
1597,Java,ラムダ式が使える条件は？
1598,Java,メソッド参照::の例は？
1599,Java,Streamの特徴は？
1600,Java,Stream.filter()の役割は？
1601,Java,Stream.map()の役割は？
1602,Java,Stream.collect()の役割は？
1603,Java,Optional<T>の用途は？
1604,Java,varキーワード（ローカル変数型推論）はいつ追加？
1605,Java,recordキーワード（Java 14+）の用途は？
1606,C#,C#の値型と参照型の違いは？
1607,C#,int型のサイズは？
1608,C#,decimal型の用途は？
1609,C#,var キーワードの特徴は？
1610,C#,dynamic型の特徴は？
1611,C#,string型は不変（immutable）？
1612,C#,const と readonly の違いは？
1613,C#,nullable型の記法は？
1614,C#,??演算子（null合体演算子）の役割は？
1615,C#,?.演算子（null条件演算子）の役割は？
1616,C#,switch式（C# 8.0+）の構文は？
1617,C#,foreach文の構文は？
1618,C#,配列の宣言方法は？
1619,C#,配列の初期化方法は？
1620,C#,多次元配列の宣言は？
1621,C#,ジャグ配列（配列の配列）の宣言は？
1622,C#,配列のLengthプロパティは？
1623,C#,Array.Sort()の役割は？
1624,C#,is演算子の役割は？
1625,C#,as演算子の役割は？
1626,C#,メソッドのオーバーロードとは？
1627,C#,out修飾子の役割は？
1628,C#,ref修飾子の役割は？
1629,C#,params修飾子の役割は？
1630,C#,名前付き引数の構文は？
1631,C#,省略可能な引数（オプションパラメータ）の構文は？
1632,C#,自動実装プロパティの構文は？
1633,C#,読み取り専用プロパティの定義は？
1634,C#,init アクセサー（C# 9.0+）の役割は？
1635,C#,式形式のメンバー（=>）の用途は？
1636,C#,拡張メソッドの定義方法は？
1637,C#,ローカル関数（C# 7.0+）とは？
1638,C#,クラスと構造体の主な違いは？
1639,C#,コンストラクタの特徴は？
1640,C#,thisキーワードの役割は？
1641,C#,静的コンストラクタの特徴は？
1642,C#,partial クラスの用途は？
1643,C#,sealed クラスの特徴は？
1644,C#,record型（C# 9.0+）の特徴は？
1645,C#,構造体のコンストラクタは？
1646,C#,with式（C# 9.0+）の用途は？
1647,C#,init-onlyプロパティの用途は？
1648,C#,string と String の違いは？
1649,C#,文字列補間の構文は？
1650,C#,逐語的文字列リテラル（@）の用途は？
1651,C#,StringBuilderの用途は？
1652,C#,List<T>の特徴は？
1653,C#,"Dictionary<TKey, TValue>の特徴は？"
1654,C#,HashSet<T>の特徴は？
1655,C#,Queue<T>の操作は？
1656,C#,継承のキーワードは？
1657,C#,C#の継承は？
1658,C#,base キーワードの役割は？
1659,C#,virtualキーワードの役割は？
1660,C#,overrideキーワードの役割は？
1661,C#,abstract クラスの特徴は？
1662,C#,abstract メソッドの特徴は？
1663,C#,sealed メソッドの役割は？
1664,C#,インターフェースの定義キーワードは？
1665,C#,インターフェースのメンバーは？
1666,C#,複数のインターフェースを実装できる？
1667,C#,デフォルト実装（C# 8.0+）とは？
1668,C#,デリゲートとは？
1669,C#,デリゲートの定義例は？
1670,C#,マルチキャストデリゲートとは？
1671,C#,Action<T>デリゲートの特徴は？
1672,C#,Func<T>デリゲートの特徴は？
1673,C#,ラムダ式の構文は？
1674,C#,eventキーワードの役割は？
1675,C#,イベントの購読（登録）演算子は？
1676,C#,イベントの購読解除演算子は？
1677,C#,EventHandler<T>の用途は？
1678,C#,ジェネリクスの用途は？
1679,C#,ジェネリッククラスの定義は？
1680,C#,where T : class の意味は？
1681,C#,where T : struct の意味は？
1682,C#,where T : new() の意味は？
1683,C#,where T : SomeClass の意味は？
1684,C#,共変性（covariance）とは？
1685,C#,反変性（contravariance）とは？
1686,C#,LINQとは？
1687,C#,Where()の役割は？
1688,C#,Select()の役割は？
1689,C#,OrderBy()の役割は？
1690,C#,OrderByDescending()の役割は？
1691,C#,First()の役割は？
1692,C#,FirstOrDefault()の役割は？
1693,C#,Count()の役割は？
1694,C#,Any()の役割は？
1695,C#,All()の役割は？
1696,C#,Sum()の役割は？
1697,C#,Average()の役割は？
1698,C#,Take(n)の役割は？
1699,C#,Skip(n)の役割は？
1700,C#,Distinct()の役割は？
1701,C#,try-catch-finally の実行順序は？
1702,C#,throw の役割は？
1703,C#,カスタム例外の作成方法は？
1704,C#,when句（例外フィルタ）の用途は？
1705,C#,using文の役割は？
1706,C#,asyncキーワードの役割は？
1707,C#,awaitキーワードの役割は？
1708,C#,async メソッドの戻り値は？
1709,C#,Task.Run()の用途は？
1710,C#,Task.WhenAll()の役割は？
1711,C#,Task.WhenAny()の役割は？
1712,C#,Task.Delay()の用途は？
1713,C#,ConfigureAwait(false)の効果は？
1714,C#,CancellationTokenの用途は？
1715,C#,async voidの使用は？
1716,C#,デッドロックを避けるには？
1717,C#,ValueTaskの特徴は？
1718,C#,GroupBy()の役割は？
1719,C#,Join()の役割は？
1720,C#,SelectMany()の役割は？
1721,C#,Aggregate()の役割は？
1722,C#,Zip()の役割は？
1723,C#,ThenBy()の役割は？
1724,C#,ToList()の役割は？
1725,C#,AsEnumerable()の用途は？
1726,C#,遅延評価（Deferred Execution）とは？
1727,C#,クエリ構文と メソッド構文の違いは？
1728,C#,Attributeとは？
1729,C#,[Obsolete]属性の役割は？
1730,C#,[Serializable]属性の役割は？
1731,C#,カスタム属性の作成方法は？
1732,C#,Reflectionとは？
1733,C#,typeof演算子の役割は？
1734,C#,GetType()メソッドの役割は？
1735,C#,Activator.CreateInstance()の用途は？
1736,C#,.NET Frameworkと.NET（Core）の違いは？
1737,C#,NuGetとは？
1738,C#,名前空間（namespace）の役割は？
1739,C#,using ディレクティブの役割は？
1740,C#,GC（ガベージコレクション）とは？
1741,C#,IDisposableインターフェースの用途は？
1742,C#,nullable reference types（C# 8.0+）とは？
1743,C#,pattern matching（パターンマッチング）の用途は？
1744,TypeScript,TypeScriptの基本型でないものは？
1745,TypeScript,type aliases（型エイリアス）の定義方法は？
1746,TypeScript,union型の記述方法は？
1747,TypeScript,intersection型の記述方法は？
1748,TypeScript,literal型の例は？
1749,TypeScript,never型の用途は？
1750,TypeScript,unknown型とany型の違いは？
1751,TypeScript,void型の用途は？
1752,TypeScript,tuple型の定義は？
1753,TypeScript,enum型の定義方法は？
1754,TypeScript,interfaceの定義方法は？
1755,TypeScript,オプショナルプロパティの記述は？
1756,TypeScript,readonlyプロパティの効果は？
1757,TypeScript,インターフェースの継承は？
1758,TypeScript,インデックスシグネチャの記述は？
1759,TypeScript,関数型のインターフェースは？
1760,TypeScript,複数のインターフェースの継承は？
1761,TypeScript,interfaceとtypeの違いで正しいのは？
1762,TypeScript,クラスのインターフェース実装は？
1763,TypeScript,ハイブリッド型の例は？
1764,TypeScript,ジェネリック関数の定義は？
1765,TypeScript,ジェネリック型の制約は？
1766,TypeScript,ジェネリッククラスの定義は？
1767,TypeScript,複数の型パラメータは？
1768,TypeScript,ジェネリックのデフォルト型は？
1769,TypeScript,keyof演算子の用途は？
1770,TypeScript,Partial<T>の効果は？
1771,TypeScript,Required<T>の効果は？
1772,TypeScript,Readonly<T>の効果は？
1773,TypeScript,"Pick<T, K>の効果は？"
1774,TypeScript,型アサーションの記述は？
1775,TypeScript,非nullアサーション演算子は？
1776,TypeScript,conditional types（条件付き型）の記述は？
1777,TypeScript,mapped types（マップ型）の例は？
1778,TypeScript,infer キーワードの用途は？
1779,TypeScript,TypeScriptのクラスの定義は？
1780,TypeScript,アクセス修飾子publicの効果は？
1781,TypeScript,アクセス修飾子privateの効果は？
1782,TypeScript,アクセス修飾子protectedの効果は？
1783,TypeScript,readonlyプロパティの特徴は？
1784,TypeScript,staticメンバーの特徴は？
1785,TypeScript,abstractクラスの特徴は？
1786,TypeScript,ゲッターの定義方法は？
1787,TypeScript,セッターの定義方法は？
1788,TypeScript,パラメータプロパティの記述は？
1789,TypeScript,クラスデコレータの定義は？
1790,TypeScript,メソッドデコレータのシグネチャは？
1791,TypeScript,プロパティデコレータのシグネチャは？
1792,TypeScript,パラメータデコレータのシグネチャは？
1793,TypeScript,デコレータファクトリの用途は？
1794,TypeScript,デコレータの実行順序は？
1795,TypeScript,experimentalDecoratorsの設定は？
1796,TypeScript,デコレータの合成は？
1797,TypeScript,ES6モジュールのexportは？
1798,TypeScript,default exportの記述は？
1799,TypeScript,名前付きimportの記述は？
1800,TypeScript,default importの記述は？
1801,TypeScript,名前空間のimportは？
1802,TypeScript,型のみのimportは？
1803,TypeScript,namespaceの定義は？
1804,TypeScript,moduleとnamespaceの違いは？
1805,TypeScript,"Omit<T, K>の効果は？"
1806,TypeScript,"Record<K, T>の効果は？"
1807,TypeScript,"Exclude<T, U>の効果は？"
1808,TypeScript,"Extract<T, U>の効果は？"
1809,TypeScript,NonNullable<T>の効果は？
1810,TypeScript,ReturnType<T>の効果は？
1811,TypeScript,Parameters<T>の効果は？
1812,TypeScript,Awaited<T>の効果は？
1813,Go,Go言語の変数宣言の正しい形は？
1814,Go,短縮変数宣言の記述は？
1815,Go,定数の宣言方法は？
1816,Go,複数の変数を同時に宣言するには？
1817,Go,ゼロ値（zero value）とは？
1818,Go,型変換の記述方法は？
1819,Go,Goの基本型でないものは？
1820,Go,runeは何の別名？
1821,Go,byteは何の別名？
1822,Go,未使用変数がある場合は？
1823,Go,for文の基本形は？
1824,Go,無限ループの記述は？
1825,Go,range文の使い方は？
1826,Go,Goにwhile文は存在する？
1827,Go,if文で変数を初期化するには？
1828,Go,switch文のデフォルトは？
1829,Go,fallthroughの役割は？
1830,Go,型によるswitch文は？
1831,Go,defer文の実行タイミングは？
1832,Go,複数のdeferの実行順は？
1833,Go,関数の基本定義は？
1834,Go,同じ型の引数をまとめる書き方は？
1835,Go,複数の戻り値を返すには？
1836,Go,名前付き戻り値の記述は？
1837,Go,可変長引数の定義は？
1838,Go,関数を変数に代入するには？
1839,Go,クロージャの特徴は？
1840,Go,メソッドの定義方法は？
1841,Go,ポインタレシーバの利点は？
1842,Go,initファイルの役割は？
1843,Go,配列の宣言方法は？
1844,Go,スライスの作成方法は？
1845,Go,makeでスライスを作成するには？
1846,Go,mapの宣言方法は？
1847,Go,構造体の定義は？
1848,Go,ポインタの宣言方法は？
1849,Go,アドレス演算子は？
1850,Go,デリファレンス演算子は？
1851,Go,newの役割は？
1852,Go,Goのポインタ演算は可能？
1853,Go,nilポインタの特徴は？
1854,Go,構造体のポインタアクセスは？
1855,Go,値レシーバとポインタレシーバの使い分けは？
1856,Go,インターフェースの定義方法は？
1857,Go,空のインターフェースは？
1858,Go,インターフェースの実装は？
1859,Go,型アサーションの記述は？
1860,Go,型スイッチの記述は？
1861,Go,インターフェースの値は何を保持する？
1862,Go,error型の定義は？
1863,Go,インターフェースの埋め込みは？
1864,Go,Stringer インターフェースの用途は？
1865,Go,nilインターフェースとnilポインタの違いは？
1866,Go,ゴルーチンの起動方法は？
1867,Go,チャネルの作成方法は？
1868,Go,チャネルへの送信は？
1869,Go,チャネルからの受信は？
1870,Go,バッファ付きチャネルの作成は？
1871,Go,チャネルのクローズは？
1872,Go,クローズ済みチャネルの判定は？
1873,Go,select文の用途は？
1874,Go,select文のdefaultケースの役割は？
1875,Go,sync.Mutexの用途は？
1876,Go,パッケージのインポート方法は？
1877,Go,エイリアスインポートは？
1878,Go,ブランクインポートの用途は？
1879,Go,エラーの生成方法は？
1880,Go,panicの用途は？
1881,Go,recoverの役割は？
1882,Ruby,Rubyの変数宣言で正しいのは？
1883,Ruby,定数の命名規則は？
1884,Ruby,シンボルの記述は？
1885,Ruby,文字列リテラルの種類は？
1886,Ruby,式展開の記述は？
1887,Ruby,範囲オブジェクトの記述は？
1888,Ruby,排他的範囲の記述は？
1889,Ruby,複数行コメントは？
1890,Ruby,nilの意味は？
1891,Ruby,グローバル変数の記述は？
1892,Ruby,if文の基本形は？
1893,Ruby,後置ifの記述は？
1894,Ruby,unlessの意味は？
1895,Ruby,case文の記述は？
1896,Ruby,timesメソッドの用途は？
1897,Ruby,eachメソッドの用途は？
1898,Ruby,whileループの基本形は？
1899,Ruby,untilループの意味は？
1900,Ruby,メソッドの定義方法は？
1901,Ruby,デフォルト引数の記述は？
1902,Ruby,キーワード引数の記述は？
1903,Ruby,可変長引数の記述は？
1904,Ruby,メソッドの戻り値は？
1905,Ruby,メソッド名の慣習で正しいのは？
1906,Ruby,破壊的メソッドの命名は？
1907,Ruby,ブロック引数の記述は？
1908,Ruby,配列の作成方法は？
1909,Ruby,配列の要素アクセスは？
1910,Ruby,pushメソッドの役割は？
1911,Ruby,ハッシュの作成方法は？
1912,Ruby,ハッシュロケット記法は？
1913,Ruby,mapメソッドの役割は？
1914,Ruby,selectメソッドの役割は？
1915,Ruby,クラスの定義方法は？
1916,Ruby,インスタンス変数の記述は？
1917,Ruby,クラス変数の記述は？
1918,Ruby,initializeメソッドの役割は？
1919,Ruby,attr_accessorの役割は？
1920,Ruby,attr_readerの役割は？
1921,Ruby,継承の記述方法は？
1922,Ruby,superの役割は？
1923,Ruby,クラスメソッドの定義は？
1924,Ruby,privateメソッドの特徴は？
1925,Ruby,モジュールの定義方法は？
1926,Ruby,includeの役割は？
1927,Ruby,extendの役割は？
1928,Ruby,prependの役割は？
1929,Ruby,requireの役割は？
1930,Ruby,require_relativeの役割は？
1931,Ruby,名前空間の解決演算子は？
1932,Ruby,Enumerableモジュールの特徴は？
1933,Ruby,ブロックの基本記法は？
1934,Ruby,ブロック引数の記述は？
1935,Ruby,yieldの役割は？
1936,Ruby,block_given?の役割は？
1937,Ruby,Procオブジェクトの作成は？
1938,Ruby,lambdaの特徴は？
1939,Ruby,->（スタブラムダ）の記述は？
1940,Ruby,callメソッドの役割は？
1941,Ruby,例外処理の基本形は？
1942,Ruby,特定の例外を捕捉するには？
1943,Ruby,ensureの役割は？
1944,Ruby,raiseの役割は？
1945,Ruby,retryの役割は？
1946,Ruby,メタプログラミングの代表例は？
1947,VBA,VBAの変数宣言で正しいのは？
1948,VBA,定数の宣言方法は？
1949,VBA,Option Explicitの役割は？
1950,VBA,VBAのコメント記号は？
1951,VBA,複数行にまたがるコードの記述は？
1952,VBA,VBAのデータ型でないものは？
1953,VBA,Variantデータ型の特徴は？
1954,VBA,文字列の連結演算子は？
1955,VBA,代入演算子は？
1956,VBA,比較演算子で等しいことを表すのは？
1957,VBA,If文の基本形は？
1958,VBA,ElseIfの記述は？
1959,VBA,Select Caseの基本形は？
1960,VBA,For...Nextループの基本形は？
1961,VBA,Stepキーワードの役割は？
1962,VBA,For Each...Nextの用途は？
1963,VBA,Do While...Loopの特徴は？
1964,VBA,Do...Loop Whileの特徴は？
1965,VBA,Exit Forの役割は？
1966,VBA,Exit Subの役割は？
1967,VBA,Subプロシージャの定義は？
1968,VBA,Functionプロシージャの定義は？
1969,VBA,引数の渡し方でByValは？
1970,VBA,引数の渡し方でByRefは？
1971,VBA,VBAのデフォルトの引数渡し方は？
1972,VBA,Optional引数の特徴は？
1973,VBA,ParamArrayの用途は？
1974,VBA,Callステートメントの役割は？
1975,VBA,Staticキーワードの役割は？
1976,VBA,Exit Functionの役割は？
1977,VBA,配列の宣言方法は？
1978,VBA,動的配列の宣言は？
1979,VBA,ReDim Preserveの役割は？
1980,VBA,UBound関数の役割は？
1981,VBA,LBound関数の役割は？
1982,VBA,Set文の用途は？
1983,VBA,Nothingの意味は？
1984,VBA,On Error Resume Nextの効果は？
1985,VBA,On Error GoTo ラベルの効果は？
1986,VBA,Err.Numberの役割は？
1987,COBOL,COBOLプログラムの4つの部(DIVISION)は？
1988,COBOL,IDENTIFICATION DIVISIONの役割は？
1989,COBOL,ENVIRONMENT DIVISIONの役割は？
1990,COBOL,DATA DIVISIONの役割は？
1991,COBOL,PROCEDURE DIVISIONの役割は？
1992,COBOL,WORKING-STORAGE SECTIONの用途は？
1993,COBOL,FILE SECTIONの用途は？
1994,COBOL,COBOLの予約語の記述位置は？
1995,COBOL,レベル番号01の意味は？
1996,COBOL,レベル番号77の意味は？
1997,COBOL,PIC 9(5)の意味は？
1998,COBOL,PIC X(10)の意味は？
1999,COBOL,PIC S9(3)V99の意味は？
2000,COBOL,VALUEの役割は？
2001,COBOL,REDEFINES句の用途は？
2002,COBOL,OCCURS句の用途は？
2003,COBOL,COMP（COMPUTATIONAL）の意味は？
2004,COBOL,COMP-3の意味は？
2005,COBOL,MOVEの役割は？
2006,COBOL,ADDの基本形は？
2007,COBOL,SUBTRACTの基本形は？
2008,COBOL,MULTIPLYの基本形は？
2009,COBOL,DIVIDEの基本形は？
2010,COBOL,COMPUTEの特徴は？
2011,COBOL,IF文の基本形は？
2012,COBOL,EVALUATE文の用途は？
2013,COBOL,PERFORMの役割は？
2014,COBOL,PERFORM UNTIL文の特徴は？
2015,COBOL,OPENの役割は？
2016,COBOL,READの役割は？
2017,COBOL,WRITEの役割は？
2018,COBOL,CLOSEの役割は？
2019,COBOL,AT ENDの用途は？
2020,COBOL,STOP RUNの役割は？
2021,COBOL,DISPLAYの役割は？
2022,Rust,Rustの変数宣言で正しいのは？
2023,Rust,可変変数の宣言方法は？
2024,Rust,定数の宣言方法は？
2025,Rust,シャドーイングの特徴は？
2026,Rust,i32は何を表す？
2027,Rust,usizeは何を表す？
2028,Rust,タプルの定義は？
2029,Rust,配列の定義は？
2030,Rust,文字列スライスの型は？
2031,Rust,マクロ呼び出しの記号は？
2032,Rust,所有権の3つのルールで正しいのは？
2033,Rust,ムーブセマンティクスとは？
2034,Rust,Copyトレイトの特徴は？
2035,Rust,不変参照の記述は？
2036,Rust,可変参照の記述は？
2037,Rust,借用のルールで正しいのは？
2038,Rust,ダングリングポインタは？
2039,Rust,スライスの作成方法は？
2040,Rust,Stringとstrの違いは？
2041,Rust,クローンの作成方法は？
2042,Rust,構造体の定義方法は？
2043,Rust,構造体のインスタンス生成は？
2044,Rust,タプル構造体の定義は？
2045,Rust,メソッドの定義方法は？
2046,Rust,関連関数（コンストラクタ等）の定義は？
2047,Rust,列挙型の定義は？
2048,Rust,Optionの用途は？
2049,Rust,Resultの用途は？
2050,Rust,パターンマッチの記述は？
2051,Rust,if letの用途は？
2052,Rust,panic!の用途は？
2053,Rust,?演算子の役割は？
2054,Rust,loopの特徴は？
2055,Rust,for...inの用途は？
2056,Rust,範囲の記述方法は？
2057,Rust,ジェネリック関数の定義は？
2058,Rust,トレイトの定義方法は？
2059,Rust,トレイトの実装は？
2060,Rust,トレイト境界の記述は？
2061,Rust,where句の用途は？
2062,Rust,デフォルト実装の特徴は？
2063,Rust,Box<T>の用途は？
2064,Rust,Rc<T>の用途は？
2065,Rust,RefCell<T>の用途は？
2066,Rust,Arc<T>の用途は？
2067,Rust,ライフタイム注釈の記述は？
2068,Rust,ライフタイムの目的は？
2069,Rust,ライフタイム省略規則の1つは？
2070,Rust,'staticライフタイムの意味は？
2071,Rust,構造体のライフタイムは？
2072,Rust,メソッドのライフタイムで省略できるのは？
2073,Rust,複数のライフタイムの関係は？
2074,Rust,ライフタイムサブタイピングとは？
2075,Rust,Higher-Rank Trait Bounds(HRTB)とは？
2076,Rust,ライフタイムのコンパイルエラーが出る原因は？
2077,Rust,クロージャの基本記法は？
2078,Rust,クロージャが環境を捕捉する方法は？
2079,Rust,moveキーワードの役割は？
2080,Rust,Fnトレイトの特徴は？
2081,Rust,FnMutトレイトの特徴は？
2082,Rust,FnOnceトレイトの特徴は？
2083,Rust,イテレータの定義は？
2084,Rust,mapメソッドの役割は？
2085,Rust,filterメソッドの役割は？
2086,Rust,collectメソッドの役割は？
2087,Rust,モジュールの定義は？
2088,Rust,useキーワードの役割は？
2089,Rust,pubキーワードの役割は？
2090,Rust,crateとは？
2091,Rust,thread::spawnの役割は？
2092,Rust,Mutex<T>の用途は？
2093,Rust,Sendトレイトの意味は？
2094,Rust,Syncトレイトの意味は？
2095,Rust,channelの用途は？
2096,Rust,mpsc::channelのmpscとは？
2097,Rust,宣言的マクロの定義は？
2098,Rust,手続き的マクロの種類は？
2099,Rust,unsafeの用途は？
2100,Rust,unsafeでできることは？
2101,Rust,FFI（Foreign Function Interface）とは？
2102,Kotlin,Kotlinの変数宣言で正しいのは？
2103,Kotlin,valとvarの違いは？
2104,Kotlin,型推論の特徴は？
2105,Kotlin,文字列テンプレートの記述は？
2106,Kotlin,式としてのif文は？
2107,Kotlin,when式の用途は？
2108,Kotlin,範囲式の記述は？
2109,Kotlin,untilの効果は？
2110,Kotlin,downToの用途は？
2111,Kotlin,stepキーワードの役割は？
2112,Kotlin,関数の定義方法は？
2113,Kotlin,単一式関数の記述は？
2114,Kotlin,デフォルト引数の記述は？
2115,Kotlin,名前付き引数の使い方は？
2116,Kotlin,可変長引数の定義は？
2117,Kotlin,ラムダ式の基本記法は？
2118,Kotlin,itパラメータの特徴は？
2119,Kotlin,高階関数とは？
2120,Kotlin,インライン関数の用途は？
2121,Kotlin,末尾再帰最適化の記述は？
2122,Kotlin,クラスの定義方法は？
2123,Kotlin,プライマリコンストラクタの特徴は？
2124,Kotlin,initブロックの役割は？
2125,Kotlin,セカンダリコンストラクタの記述は？
2126,Kotlin,data classの特徴は？
2127,Kotlin,object宣言の用途は？
2128,Kotlin,companion objectの役割は？
2129,Kotlin,継承の記述方法は？
2130,Kotlin,openキーワードの役割は？
2131,Kotlin,sealed classの特徴は？
2132,Kotlin,Null許容型の記述は？
2133,Kotlin,安全呼び出し演算子は？
2134,Kotlin,エルビス演算子の役割は？
2135,Kotlin,非null表明演算子は？
2136,Kotlin,let関数の用途は？
2137,Kotlin,apply関数の特徴は？
2138,Kotlin,also関数の特徴は？
2139,Kotlin,run関数の特徴は？
2140,Kotlin,with関数の特徴は？
2141,Kotlin,スマートキャストとは？
2142,Kotlin,リストの作成方法は？
2143,Kotlin,可変リストの作成は？
2144,Kotlin,セットの作成方法は？
2145,Kotlin,マップの作成方法は？
2146,Kotlin,filterメソッドの役割は？
2147,Kotlin,mapメソッドの役割は？
2148,Kotlin,flatMapの用途は？
2149,Kotlin,reduceメソッドの役割は？
2150,Kotlin,foldメソッドの特徴は？
2151,Kotlin,groupByメソッドの役割は？
2152,Kotlin,拡張関数の定義方法は？
2153,Kotlin,拡張関数の特徴は？
2154,Kotlin,拡張プロパティの定義は？
2155,Kotlin,中置関数の定義は？
2156,Kotlin,中置関数の呼び出しは？
2157,Kotlin,演算子オーバーロードの記述は？
2158,Kotlin,invokeオペレータの用途は？
2159,Kotlin,getとsetオペレータの用途は？
2160,Kotlin,containsオペレータの用途は？
2161,Kotlin,rangeToオペレータの用途は？
2162,Kotlin,ジェネリッククラスの定義は？
2163,Kotlin,共変性（out）の意味は？
2164,Kotlin,反変性（in）の意味は？
2165,Kotlin,型投影（Type Projection）とは？
2166,Kotlin,スター投影（*）の意味は？
2167,Kotlin,reified型パラメータの特徴は？
2168,Kotlin,型エイリアスの定義は？
2169,Kotlin,Nothing型の意味は？
2170,Kotlin,Unit型の意味は？
2171,Kotlin,Any型の意味は？
2172,Kotlin,コルーチンの定義方法は？
2173,Kotlin,コルーチンの起動方法は？
2174,Kotlin,launchとasyncの違いは？
2175,Kotlin,withContextの用途は？
2176,Kotlin,Dispatchers.Mainの用途は？
2177,Kotlin,Dispatchers.IOの用途は？
2178,Kotlin,クラス委譲の記述は？
2179,Kotlin,プロパティ委譲の記述は？
2180,Kotlin,lazyの用途は？
2181,Kotlin,observableの用途は？
2182,Swift,Swiftの変数宣言で正しいのは？
2183,Swift,letとvarの違いは？
2184,Swift,型注釈の記述は？
2185,Swift,文字列補間の記述は？
2186,Swift,複数行文字列リテラルは？
2187,Swift,タプルの定義は？
2188,Swift,タプルの要素アクセスは？
2189,Swift,名前付きタプルの記述は？
2190,Swift,範囲演算子の記述は？
2191,Swift,半開区間演算子は？
2192,Swift,Optionalの宣言は？
2193,Swift,Optional Bindingの記述は？
2194,Swift,強制アンラップの記述は？
2195,Swift,Nil合体演算子の記述は？
2196,Swift,Optional Chainingの記述は？
2197,Swift,guard文の特徴は？
2198,Swift,switch文の特徴は？
2199,Swift,for-in文の基本形は？
2200,Swift,where句の用途は？
2201,Swift,defer文の役割は？
2202,Swift,関数の定義方法は？
2203,Swift,引数ラベルの記述は？
2204,Swift,引数ラベルの省略は？
2205,Swift,デフォルト引数の記述は？
2206,Swift,可変長引数の定義は？
2207,Swift,inout引数の用途は？
2208,Swift,クロージャの基本記法は？
2209,Swift,簡略化されたクロージャは？
2210,Swift,trailing closureの記述は？
2211,Swift,@escapingの意味は？
2212,Swift,配列の宣言は？
2213,Swift,空の配列の宣言は？
2214,Swift,セットの作成は？
2215,Swift,辞書の作成は？
2216,Swift,mapメソッドの役割は？
2217,Swift,filterメソッドの役割は？
2218,Swift,reduceメソッドの役割は？
2219,Swift,compactMapの用途は？
2220,Swift,flatMapの用途は？
2221,Swift,sortedメソッドの特徴は？
2222,Swift,構造体の定義方法は？
2223,Swift,クラスの定義方法は？
2224,Swift,構造体とクラスの違いは？
2225,Swift,イニシャライザの定義は？
2226,Swift,デイニシャライザの定義は？
2227,Swift,計算プロパティの定義は？
2228,Swift,プロパティオブザーバーwillSetは？
2229,Swift,プロパティオブザーバーdidSetは？
2230,Swift,型プロパティ（static）の定義は？
2231,Swift,lazyプロパティの特徴は？
2232,Swift,プロトコルの定義は？
2233,Swift,プロトコルの準拠は？
2234,Swift,プロトコルの継承は？
2235,Swift,プロトコルのデフォルト実装は？
2236,Swift,拡張の定義は？
2237,Swift,拡張でプロトコル準拠を追加するには？
2238,Swift,where句でプロトコルを制約するには？
2239,Swift,associatedtypeの用途は？
2240,Swift,Equatableプロトコルの役割は？
2241,Swift,Comparableプロトコルの役割は？
2242,Swift,ジェネリック関数の定義は？
2243,Swift,ジェネリック型の定義は？
2244,Swift,型制約の記述は？
2245,Swift,列挙型の定義は？
2246,Swift,関連値を持つ列挙型は？
2247,Swift,Raw値を持つ列挙型は？
2248,Swift,列挙型のメソッド定義は？
2249,Swift,再帰的列挙型の記述は？
2250,Swift,CaseIterableプロトコルの役割は？
2251,Swift,opaque型（some）の用途は？
2252,Swift,エラー型の定義は？
2253,Swift,throwsキーワードの役割は？
2254,Swift,エラーの投げ方は？
2255,Swift,do-catch文の基本形は？
2256,Swift,try?の効果は？
2257,Swift,try!の効果は？
2258,Swift,ARCとは？
2259,Swift,強参照循環とは？
2260,Swift,weakキーワードの役割は？
2261,Swift,unownedキーワードの役割は？
